transaction_id,timestamp,amount,declared_instrument,sub_instrument,card_bin,card_tier,mcc,merchant_true_category,tax_amount_provided,po_code_provided,line_item_detail_provided,contracted_flat_rate,fee_charged,tax_charged,turnover_tier,injected_issue,classification,matched_rule_id,expected_fee,fee_charged,delta,note
TXN_000001,2026-08-25 18:54:53,52442.14,UPI,bank_UPI,,,5045,B2B wholesale,True,True,True,0.02,0.0,0.0,above_20L,clean,Matched,R1,0.0,0.0,0.0,Accurate fee verified against R1.
TXN_000002,2026-08-18 08:29:18,2021.95,UPI,RuPay_credit_UPI,607111.0,basic,5045,B2B wholesale,True,True,False,0.02,30.33,5.46,above_20L,clean,Matched,R4,30.33,30.33,0.0,Accurate fee verified against R4.
TXN_000003,2026-08-25 17:53:11,35109.13,Card,Visa_credit,433333.0,corporate,5045,B2B wholesale,False,False,True,0.02,983.05,176.95,above_20L,R10_l2_l3_downgrade,Leaked,R10,702.18,983.05,280.87,"Statutory disparity against R10: expected Rs 702.18, charged Rs 983.05."
TXN_000004,2026-08-18 13:53:45,2002.52,UPI,bank_UPI,,,5045,B2B wholesale,True,True,False,0.02,0.0,0.0,above_20L,clean,Matched,R1,0.0,0.0,0.0,Accurate fee verified against R1.
TXN_000005,2026-08-28 02:38:14,62896.77,Card,RuPay_debit,511111.0,basic,5045,B2B wholesale,True,True,True,0.02,0.0,0.0,above_20L,clean,Matched,R2,0.0,0.0,0.0,Accurate fee verified against R2.
TXN_000006,2026-08-28 10:08:05,2148.5,UPI,,,,5045,B2B wholesale,True,True,False,0.02,0.0,0.0,above_20L,exception_missing_tag,Exception,NONE,,0.0,,Missing sub_instrument routing tag; cannot verify applicable statutory MDR.
TXN_000007,2026-08-29 17:11:15,63786.84,Card,Debit_non_rupay,,,5411,B2B wholesale,True,True,True,0.02,574.08,103.33,above_20L,R12_mcc_misclassification,Matched,R8,574.08,574.08,0.0,Accurate fee verified against R8.
TXN_000008,2026-08-18 15:10:03,32179.35,Card,Visa_credit,533333.0,corporate,5045,B2B wholesale,False,False,True,0.02,901.02,162.18,above_20L,R10_l2_l3_downgrade,Leaked,R10,643.59,901.02,257.43,"Statutory disparity against R10: expected Rs 643.59, charged Rs 901.02."
TXN_000009,2026-08-27 20:30:51,30442.28,Card,,522222.0,premium_rewards,5045,B2B wholesale,True,True,True,0.02,608.85,109.59,above_20L,exception_missing_tag,Exception,NONE,,608.85,,Missing sub_instrument routing tag; cannot verify applicable statutory MDR.
TXN_000010,2026-08-25 08:16:29,29461.96,UPI,bank_UPI,,,5045,B2B wholesale,True,True,True,0.02,0.0,0.0,above_20L,clean,Matched,R1,0.0,0.0,0.0,Accurate fee verified against R1.
TXN_000011,2026-08-19 08:34:19,2203.92,UPI,PPI_wallet_UPI,,,5045,B2B wholesale,True,True,False,0.02,24.24,4.36,above_20L,clean,Matched,R6c,24.24,24.24,0.0,Accurate fee verified against R6c.
TXN_000012,2026-08-29 12:49:10,2140.92,UPI,bank_UPI,,,5045,B2B wholesale,True,True,False,0.02,0.0,0.0,above_20L,clean,Matched,R1,0.0,0.0,0.0,Accurate fee verified against R1.
TXN_000013,2026-08-28 12:57:03,2176.74,UPI,bank_UPI,,,5045,B2B wholesale,True,True,False,0.02,0.0,0.0,above_20L,clean,Matched,R1,0.0,0.0,0.0,Accurate fee verified against R1.
TXN_000014,2026-08-30 04:17:44,17706.7,UPI,bank_UPI,,,5045,B2B wholesale,True,True,True,0.02,0.0,0.0,above_20L,clean,Matched,R1,0.0,0.0,0.0,Accurate fee verified against R1.
TXN_000015,2026-08-21 03:35:52,47313.06,Card,Mastercard_credit,433333.0,corporate,5045,B2B wholesale,True,True,True,0.02,946.26,170.33,above_20L,clean,Flagged_For_Review,R9,946.26,946.26,0.0,Market credit card rate applied; requires bilateral MSA contract review.
TXN_000016,2026-08-21 23:19:45,37079.34,UPI,RuPay_credit_UPI,533333.0,corporate,5411,B2B wholesale,True,True,True,0.02,556.19,100.11,above_20L,R12_mcc_misclassification,Matched,R4,556.19,556.19,0.0,Accurate fee verified against R4.
TXN_000017,2026-08-20 21:11:19,2400.25,UPI,bank_UPI,,,5045,B2B wholesale,True,True,False,0.02,0.0,0.0,above_20L,clean,Matched,R1,0.0,0.0,0.0,Accurate fee verified against R1.
TXN_000018,2026-08-29 06:07:25,13533.94,UPI,bank_UPI,,,5045,B2B wholesale,True,True,True,0.02,0.0,0.0,above_20L,clean,Matched,R1,0.0,0.0,0.0,Accurate fee verified against R1.
TXN_000019,2026-08-27 17:40:43,2317.93,UPI,bank_UPI,,,5045,B2B wholesale,True,True,False,0.02,0.0,0.0,above_20L,clean,Matched,R1,0.0,0.0,0.0,Accurate fee verified against R1.
TXN_000020,2026-08-21 10:32:59,36787.22,UPI,bank_UPI,,,5045,B2B wholesale,True,True,True,0.02,0.0,0.0,above_20L,clean,Matched,R1,0.0,0.0,0.0,Accurate fee verified against R1.
TXN_000021,2026-08-23 18:43:43,2242.14,UPI,RuPay_credit_UPI,411111.0,basic,5045,B2B wholesale,True,True,False,0.02,33.63,6.05,above_20L,clean,Matched,R4,33.63,33.63,0.0,Accurate fee verified against R4.
TXN_000022,2026-08-28 01:35:59,2093.23,UPI,bank_UPI,,,5045,B2B wholesale,True,True,False,0.02,0.0,0.0,above_20L,clean,Matched,R1,0.0,0.0,0.0,Accurate fee verified against R1.
TXN_000023,2026-08-27 15:00:49,41267.77,UPI,bank_UPI,,,5045,B2B wholesale,True,True,True,0.02,0.0,0.0,above_20L,clean,Matched,R1,0.0,0.0,0.0,Accurate fee verified against R1.
TXN_000024,2026-08-24 11:31:26,25642.95,UPI,bank_UPI,,,5045,B2B wholesale,True,True,True,0.02,0.0,0.0,above_20L,clean,Matched,R1,0.0,0.0,0.0,Accurate fee verified against R1.
TXN_000025,2026-08-19 20:11:35,52842.14,Card,RuPay_debit,422222.0,premium_rewards,5045,B2B wholesale,True,True,True,0.02,0.0,0.0,above_20L,clean,Matched,R2,0.0,0.0,0.0,Accurate fee verified against R2.
TXN_000026,2026-08-16 20:40:52,2207.75,UPI,bank_UPI,,,5045,B2B wholesale,True,True,False,0.02,0.0,0.0,above_20L,clean,Matched,R1,0.0,0.0,0.0,Accurate fee verified against R1.
TXN_000027,2026-08-27 05:38:36,20074.32,UPI,bank_UPI,,,5045,B2B wholesale,True,True,True,0.02,0.0,0.0,above_20L,clean,Matched,R1,0.0,0.0,0.0,Accurate fee verified against R1.
TXN_000028,2026-08-29 22:39:50,48911.13,UPI,bank_UPI,,,5045,B2B wholesale,True,True,True,0.02,0.0,0.0,above_20L,clean,Matched,R1,0.0,0.0,0.0,Accurate fee verified against R1.
TXN_000029,2026-08-24 04:33:49,59575.44,UPI,bank_UPI,,,5045,B2B wholesale,True,True,True,0.02,0.0,0.0,above_20L,clean,Matched,R1,0.0,0.0,0.0,Accurate fee verified against R1.
TXN_000030,2026-08-19 01:39:09,34833.56,UPI,bank_UPI,,,5045,B2B wholesale,True,True,True,0.02,0.0,0.0,above_20L,clean,Matched,R1,0.0,0.0,0.0,Accurate fee verified against R1.
TXN_000031,2026-08-22 04:47:00,2328.69,UPI,bank_UPI,,,5045,B2B wholesale,True,True,False,0.02,0.0,0.0,above_20L,clean,Matched,R1,0.0,0.0,0.0,Accurate fee verified against R1.
TXN_000032,2026-08-21 18:03:43,2099.9,UPI,RuPay_credit_UPI,411111.0,basic,5045,B2B wholesale,True,True,False,0.02,31.5,5.67,above_20L,clean,Matched,R4,31.5,31.5,0.0,Accurate fee verified against R4.
TXN_000033,2026-08-29 12:38:29,20923.19,UPI,bank_UPI,,,5045,B2B wholesale,True,True,True,0.02,0.0,0.0,above_20L,clean,Matched,R1,0.0,0.0,0.0,Accurate fee verified against R1.
TXN_000034,2026-08-24 17:53:24,24393.56,Card,Visa_credit,422222.0,premium_rewards,5045,B2B wholesale,True,True,True,0.02,487.87,87.82,above_20L,clean,Flagged_For_Review,R9,487.87,487.87,0.0,Market credit card rate applied; requires bilateral MSA contract review.
TXN_000035,2026-08-19 21:22:28,2073.13,UPI,bank_UPI,,,5045,B2B wholesale,True,True,False,0.02,0.0,0.0,above_20L,clean,Matched,R1,0.0,0.0,0.0,Accurate fee verified against R1.
TXN_000036,2026-08-27 10:54:35,52555.38,Card,RuPay_debit,522222.0,premium_rewards,5045,B2B wholesale,True,True,True,0.02,0.0,0.0,above_20L,clean,Matched,R2,0.0,0.0,0.0,Accurate fee verified against R2.
TXN_000037,2026-08-22 21:18:05,24732.28,UPI,bank_UPI,,,5045,B2B wholesale,True,True,True,0.02,0.0,0.0,above_20L,clean,Matched,R1,0.0,0.0,0.0,Accurate fee verified against R1.
TXN_000038,2026-08-23 14:03:56,2145.39,UPI,bank_UPI,,,5045,B2B wholesale,True,True,False,0.02,0.0,0.0,above_20L,clean,Matched,R1,0.0,0.0,0.0,Accurate fee verified against R1.
TXN_000039,2026-08-19 23:32:25,31740.5,UPI,bank_UPI,,,5045,B2B wholesale,True,True,True,0.02,0.0,0.0,above_20L,clean,Matched,R1,0.0,0.0,0.0,Accurate fee verified against R1.
TXN_000040,2026-08-23 08:38:58,40483.24,UPI,bank_UPI,,,5411,B2B wholesale,True,True,True,0.02,0.0,0.0,above_20L,R12_mcc_misclassification,Matched,R1,0.0,0.0,0.0,Accurate fee verified against R1.
TXN_000041,2026-08-30 05:29:31,11083.84,Card,RuPay_debit,411111.0,basic,5045,B2B wholesale,True,True,True,0.02,0.0,0.0,above_20L,clean,Matched,R2,0.0,0.0,0.0,Accurate fee verified against R2.
TXN_000042,2026-08-24 19:11:21,35059.41,Card,Visa_credit,522222.0,premium_rewards,5045,B2B wholesale,True,True,True,0.02,701.19,126.21,above_20L,clean,Flagged_For_Review,R9,701.19,701.19,0.0,Market credit card rate applied; requires bilateral MSA contract review.
TXN_000043,2026-08-21 07:13:54,16358.57,UPI,bank_UPI,,,5045,B2B wholesale,True,True,True,0.02,0.0,0.0,above_20L,clean,Matched,R1,0.0,0.0,0.0,Accurate fee verified against R1.
TXN_000044,2026-08-22 20:11:25,15902.49,Card,RuPay_debit,533333.0,corporate,5045,B2B wholesale,True,True,True,0.02,0.0,0.0,above_20L,clean,Matched,R2,0.0,0.0,0.0,Accurate fee verified against R2.
TXN_000045,2026-08-25 10:46:32,2364.2,UPI,bank_UPI,,,5045,B2B wholesale,True,True,False,0.02,0.0,0.0,above_20L,clean,Matched,R1,0.0,0.0,0.0,Accurate fee verified against R1.
TXN_000046,2026-08-16 17:16:24,8910.18,UPI,RuPay_credit_UPI,411111.0,basic,5045,B2B wholesale,True,True,False,0.02,133.65,24.06,above_20L,clean,Matched,R4,133.65,133.65,0.0,Accurate fee verified against R4.
TXN_000047,2026-08-26 19:58:18,15695.24,Card,RuPay_debit,422222.0,premium_rewards,5045,B2B wholesale,True,True,True,0.02,0.0,0.0,above_20L,clean,Matched,R2,0.0,0.0,0.0,Accurate fee verified against R2.
TXN_000048,2026-08-26 12:35:36,2228.43,UPI,bank_UPI,,,5045,B2B wholesale,True,True,False,0.02,0.0,0.0,above_20L,clean,Matched,R1,0.0,0.0,0.0,Accurate fee verified against R1.
TXN_000049,2026-08-28 19:15:29,52698.0,UPI,PPI_wallet_UPI,,,5045,B2B wholesale,True,True,True,0.02,579.68,104.34,above_20L,clean,Matched,R6c,579.68,579.68,0.0,Accurate fee verified against R6c.
TXN_000050,2026-08-26 11:08:32,59241.29,UPI,PPI_wallet_UPI,,,5045,B2B wholesale,True,True,True,0.02,651.65,117.3,above_20L,clean,Matched,R6c,651.65,651.65,0.0,Accurate fee verified against R6c.
TXN_000051,2026-08-29 16:52:22,61289.86,UPI,bank_UPI,,,5045,B2B wholesale,True,True,True,0.02,0.0,0.0,above_20L,clean,Matched,R1,0.0,0.0,0.0,Accurate fee verified against R1.
TXN_000052,2026-08-28 14:54:52,9592.93,Card,Debit_non_rupay,,,5045,B2B wholesale,True,True,False,0.02,86.34,15.54,above_20L,clean,Matched,R8,86.34,86.34,0.0,Accurate fee verified against R8.
TXN_000053,2026-08-26 21:56:08,2357.35,UPI,bank_UPI,,,5411,B2B wholesale,True,True,False,0.02,0.0,0.0,above_20L,R12_mcc_misclassification,Matched,R1,0.0,0.0,0.0,Accurate fee verified against R1.
TXN_000054,2026-08-22 11:53:12,2300.06,UPI,RuPay_credit_UPI,433333.0,corporate,5045,B2B wholesale,True,True,False,0.02,34.5,6.21,above_20L,clean,Matched,R4,34.5,34.5,0.0,Accurate fee verified against R4.
TXN_000055,2026-08-16 20:23:45,58747.76,Card,RuPay_debit,433333.0,corporate,5045,B2B wholesale,True,True,True,0.02,0.0,0.0,above_20L,clean,Matched,R2,0.0,0.0,0.0,Accurate fee verified against R2.
TXN_000056,2026-08-29 20:58:41,31633.48,UPI,bank_UPI,,,5045,B2B wholesale,True,True,True,0.02,0.0,0.0,above_20L,clean,Matched,R1,0.0,0.0,0.0,Accurate fee verified against R1.
TXN_000057,2026-08-29 00:34:42,2185.3,UPI,bank_UPI,,,5045,B2B wholesale,True,True,False,0.02,0.0,0.0,above_20L,clean,Matched,R1,0.0,0.0,0.0,Accurate fee verified against R1.
TXN_000058,2026-08-27 02:45:37,2116.8,UPI,PPI_wallet_UPI,,,5045,B2B wholesale,True,True,False,0.02,23.28,4.19,above_20L,clean,Matched,R6c,23.28,23.28,0.0,Accurate fee verified against R6c.
TXN_000059,2026-08-21 16:13:26,2134.8,UPI,RuPay_credit_UPI,511111.0,basic,5045,B2B wholesale,True,True,False,0.02,32.02,5.76,above_20L,clean,Matched,R4,32.02,32.02,0.0,Accurate fee verified against R4.
TXN_000060,2026-08-23 16:09:21,14984.31,Card,Mastercard_credit,411111.0,basic,5045,B2B wholesale,True,True,True,0.02,299.69,53.94,above_20L,clean,Flagged_For_Review,R9,299.69,299.69,0.0,Market credit card rate applied; requires bilateral MSA contract review.
TXN_000061,2026-08-17 15:37:39,18024.01,UPI,bank_UPI,,,5045,B2B wholesale,True,True,True,0.02,0.0,0.0,above_20L,clean,Matched,R1,0.0,0.0,0.0,Accurate fee verified against R1.
TXN_000062,2026-08-16 18:33:59,44233.74,Card,Visa_credit,522222.0,premium_rewards,5045,B2B wholesale,True,True,True,0.02,884.67,159.24,above_20L,clean,Flagged_For_Review,R9,884.67,884.67,0.0,Market credit card rate applied; requires bilateral MSA contract review.
TXN_000063,2026-08-29 22:55:56,42806.51,UPI,bank_UPI,,,5045,B2B wholesale,True,True,True,0.02,0.0,0.0,above_20L,clean,Matched,R1,0.0,0.0,0.0,Accurate fee verified against R1.
TXN_000064,2026-08-23 13:14:21,12642.35,UPI,RuPay_credit_UPI,607222.0,corporate,5045,B2B wholesale,True,True,True,0.02,189.64,34.14,above_20L,clean,Matched,R4,189.64,189.64,0.0,Accurate fee verified against R4.
TXN_000065,2026-08-20 19:04:58,52811.75,UPI,bank_UPI,,,5045,B2B wholesale,True,True,True,0.02,0.0,0.0,above_20L,clean,Matched,R1,0.0,0.0,0.0,Accurate fee verified against R1.
TXN_000066,2026-08-25 10:51:39,17039.74,UPI,bank_UPI,,,5045,B2B wholesale,True,True,True,0.02,0.0,0.0,above_20L,clean,Matched,R1,0.0,0.0,0.0,Accurate fee verified against R1.
TXN_000067,2026-08-27 23:38:28,2166.46,UPI,bank_UPI,,,5045,B2B wholesale,True,True,False,0.02,0.0,0.0,above_20L,clean,Matched,R1,0.0,0.0,0.0,Accurate fee verified against R1.
TXN_000068,2026-08-29 22:46:49,15804.22,UPI,bank_UPI,,,5045,B2B wholesale,True,True,True,0.02,0.0,0.0,above_20L,clean,Matched,R1,0.0,0.0,0.0,Accurate fee verified against R1.
TXN_000069,2026-08-15 16:23:56,2276.51,UPI,PPI_wallet_UPI,,,5411,B2B wholesale,True,True,False,0.02,25.04,4.51,above_20L,R12_mcc_misclassification,Leaked,R6b,20.49,25.04,4.55,"Statutory disparity against R6b: expected Rs 20.49, charged Rs 25.04."
TXN_000070,2026-08-28 00:53:21,49099.23,Card,RuPay_debit,511111.0,basic,5045,B2B wholesale,True,True,True,0.02,0.0,0.0,above_20L,clean,Matched,R2,0.0,0.0,0.0,Accurate fee verified against R2.
TXN_000071,2026-08-23 17:33:06,2237.53,UPI,bank_UPI,,,5045,B2B wholesale,True,True,False,0.02,0.0,0.0,above_20L,clean,Matched,R1,0.0,0.0,0.0,Accurate fee verified against R1.
TXN_000072,2026-08-28 07:45:09,59236.97,UPI,bank_UPI,,,5045,B2B wholesale,True,True,True,0.02,0.0,0.0,above_20L,clean,Matched,R1,0.0,0.0,0.0,Accurate fee verified against R1.
TXN_000073,2026-08-21 20:59:22,58771.85,UPI,bank_UPI,,,5045,B2B wholesale,True,True,True,0.02,0.0,0.0,above_20L,clean,Matched,R1,0.0,0.0,0.0,Accurate fee verified against R1.
TXN_000074,2026-08-20 23:20:35,2346.02,UPI,RuPay_credit_UPI,433333.0,corporate,5045,B2B wholesale,True,True,False,0.02,35.19,6.33,above_20L,clean,Matched,R4,35.19,35.19,0.0,Accurate fee verified against R4.
TXN_000075,2026-08-25 06:33:45,42332.98,Card,RuPay_debit,533333.0,corporate,5045,B2B wholesale,True,True,True,0.02,0.0,0.0,above_20L,clean,Matched,R2,0.0,0.0,0.0,Accurate fee verified against R2.
TXN_000076,2026-08-24 20:59:49,16518.37,Card,RuPay_debit,607111.0,basic,5045,B2B wholesale,True,True,True,0.02,0.0,0.0,above_20L,clean,Matched,R2,0.0,0.0,0.0,Accurate fee verified against R2.
TXN_000077,2026-08-27 00:22:42,7476.53,UPI,bank_UPI,,,5045,B2B wholesale,True,True,False,0.02,0.0,0.0,above_20L,clean,Matched,R1,0.0,0.0,0.0,Accurate fee verified against R1.
TXN_000078,2026-08-16 19:09:24,37283.21,UPI,bank_UPI,,,5411,B2B wholesale,True,True,True,0.02,0.0,0.0,above_20L,R12_mcc_misclassification,Matched,R1,0.0,0.0,0.0,Accurate fee verified against R1.
TXN_000079,2026-08-17 13:18:50,12518.57,Card,Mastercard_credit,511111.0,basic,5045,B2B wholesale,True,True,True,0.02,250.37,45.07,above_20L,clean,Flagged_For_Review,R9,250.37,250.37,0.0,Market credit card rate applied; requires bilateral MSA contract review.
TXN_000080,2026-08-21 05:47:38,40574.81,Card,,511111.0,basic,5045,B2B wholesale,True,True,True,0.02,0.0,0.0,above_20L,exception_missing_tag,Exception,NONE,,0.0,,Missing sub_instrument routing tag; cannot verify applicable statutory MDR.
TXN_000081,2026-08-16 06:21:35,59967.17,Card,Mastercard_credit,607111.0,basic,5045,B2B wholesale,True,True,True,0.02,1199.34,215.88,above_20L,clean,Flagged_For_Review,R9,1199.34,1199.34,0.0,Market credit card rate applied; requires bilateral MSA contract review.
TXN_000082,2026-08-27 20:19:15,57436.1,Card,RuPay_debit,607111.0,basic,5045,B2B wholesale,True,True,True,0.02,0.0,0.0,above_20L,clean,Matched,R2,0.0,0.0,0.0,Accurate fee verified against R2.
TXN_000083,2026-08-19 18:13:16,2271.87,UPI,bank_UPI,,,5045,B2B wholesale,True,True,False,0.02,0.0,0.0,above_20L,clean,Matched,R1,0.0,0.0,0.0,Accurate fee verified against R1.
TXN_000084,2026-08-24 22:52:22,9979.69,Card,Debit_non_rupay,,,5045,B2B wholesale,True,True,False,0.02,89.82,16.17,above_20L,clean,Matched,R8,89.82,89.82,0.0,Accurate fee verified against R8.
TXN_000085,2026-08-21 16:09:16,2053.1,UPI,RuPay_credit_UPI,522222.0,premium_rewards,5045,B2B wholesale,True,True,False,0.02,30.8,5.54,above_20L,clean,Matched,R4,30.8,30.8,0.0,Accurate fee verified against R4.
TXN_000086,2026-08-23 07:27:24,2192.83,UPI,RuPay_credit_UPI,433333.0,corporate,5411,B2B wholesale,True,True,False,0.02,32.89,5.92,above_20L,R12_mcc_misclassification,Matched,R4,32.89,32.89,0.0,Accurate fee verified against R4.
TXN_000087,2026-08-25 18:50:12,2369.26,UPI,bank_UPI,,,5045,B2B wholesale,True,True,False,0.02,0.0,0.0,above_20L,clean,Matched,R1,0.0,0.0,0.0,Accurate fee verified against R1.
TXN_000088,2026-08-26 13:54:08,17550.0,UPI,bank_UPI,,,5045,B2B wholesale,True,True,True,0.02,0.0,0.0,above_20L,clean,Matched,R1,0.0,0.0,0.0,Accurate fee verified against R1.
TXN_000089,2026-08-15 22:01:11,38733.53,Card,RuPay_debit,522222.0,premium_rewards,5045,B2B wholesale,True,True,True,0.02,0.0,0.0,above_20L,clean,Matched,R2,0.0,0.0,0.0,Accurate fee verified against R2.
TXN_000090,2026-08-22 00:29:05,2447.73,UPI,bank_UPI,,,5045,B2B wholesale,True,True,False,0.02,0.0,0.0,above_20L,clean,Matched,R1,0.0,0.0,0.0,Accurate fee verified against R1.
TXN_000091,2026-08-17 13:24:55,35732.48,Card,RuPay_debit,607222.0,corporate,5045,B2B wholesale,True,True,True,0.02,0.0,0.0,above_20L,clean,Matched,R2,0.0,0.0,0.0,Accurate fee verified against R2.
TXN_000092,2026-08-16 16:31:40,21565.47,UPI,bank_UPI,,,5045,B2B wholesale,True,True,True,0.02,0.0,0.0,above_20L,clean,Matched,R1,0.0,0.0,0.0,Accurate fee verified against R1.
TXN_000093,2026-08-26 20:46:10,2284.3,UPI,bank_UPI,,,5045,B2B wholesale,True,True,False,0.02,0.0,0.0,above_20L,clean,Matched,R1,0.0,0.0,0.0,Accurate fee verified against R1.
TXN_000094,2026-08-24 14:44:17,50806.17,UPI,bank_UPI,,,5045,B2B wholesale,True,True,True,0.02,0.0,0.0,above_20L,clean,Matched,R1,0.0,0.0,0.0,Accurate fee verified against R1.
TXN_000095,2026-08-18 17:19:52,6447.75,UPI,,,,5045,B2B wholesale,True,True,False,0.02,0.0,0.0,above_20L,exception_missing_tag,Exception,NONE,,0.0,,Missing sub_instrument routing tag; cannot verify applicable statutory MDR.
TXN_000096,2026-08-19 14:14:13,30574.27,UPI,bank_UPI,,,5045,B2B wholesale,True,True,True,0.02,0.0,0.0,above_20L,clean,Matched,R1,0.0,0.0,0.0,Accurate fee verified against R1.
TXN_000097,2026-08-28 14:01:16,25716.86,UPI,bank_UPI,,,5045,B2B wholesale,True,True,True,0.02,0.0,0.0,above_20L,clean,Matched,R1,0.0,0.0,0.0,Accurate fee verified against R1.
TXN_000098,2026-08-28 23:50:50,46193.07,UPI,PPI_wallet_UPI,,,5045,B2B wholesale,True,True,True,0.02,508.12,91.46,above_20L,clean,Matched,R6c,508.12,508.12,0.0,Accurate fee verified against R6c.
TXN_000099,2026-08-25 13:57:42,2012.37,UPI,PPI_wallet_UPI,,,5411,B2B wholesale,True,True,False,0.02,22.14,3.99,above_20L,R12_mcc_misclassification,Leaked,R6b,18.11,22.14,4.03,"Statutory disparity against R6b: expected Rs 18.11, charged Rs 22.14."
TXN_000100,2026-08-28 21:38:51,2437.59,UPI,PPI_wallet_UPI,,,5045,B2B wholesale,True,True,False,0.02,26.81,4.83,above_20L,clean,Matched,R6c,26.81,26.81,0.0,Accurate fee verified against R6c.
TXN_000101,2026-08-27 15:45:05,43334.98,UPI,bank_UPI,,,5045,B2B wholesale,True,True,True,0.02,0.0,0.0,above_20L,clean,Matched,R1,0.0,0.0,0.0,Accurate fee verified against R1.
TXN_000102,2026-08-24 15:11:23,37388.51,UPI,bank_UPI,,,5045,B2B wholesale,True,True,True,0.02,0.0,0.0,above_20L,clean,Matched,R1,0.0,0.0,0.0,Accurate fee verified against R1.
TXN_000103,2026-08-18 14:50:47,2417.51,UPI,bank_UPI,,,5045,B2B wholesale,True,True,False,0.02,0.0,0.0,above_20L,clean,Matched,R1,0.0,0.0,0.0,Accurate fee verified against R1.
TXN_000104,2026-08-20 03:46:55,2185.0,UPI,RuPay_credit_UPI,533333.0,corporate,5045,B2B wholesale,False,False,False,0.02,50.25,9.04,above_20L,R10_l2_l3_downgrade,Leaked,R4,32.77,50.25,17.48,"Statutory disparity against R4: expected Rs 32.77, charged Rs 50.25."
TXN_000105,2026-08-27 15:50:42,3528.44,UPI,bank_UPI,,,5411,B2B wholesale,True,True,False,0.02,0.0,0.0,above_20L,R12_mcc_misclassification,Matched,R1,0.0,0.0,0.0,Accurate fee verified against R1.
TXN_000106,2026-08-21 11:21:04,51484.81,UPI,PPI_wallet_UPI,,,5045,B2B wholesale,True,True,True,0.02,566.33,101.94,above_20L,clean,Matched,R6c,566.33,566.33,0.0,Accurate fee verified against R6c.
TXN_000107,2026-08-19 05:48:46,20675.89,UPI,bank_UPI,,,5411,B2B wholesale,True,True,True,0.02,0.0,0.0,above_20L,R12_mcc_misclassification,Matched,R1,0.0,0.0,0.0,Accurate fee verified against R1.
TXN_000108,2026-08-21 17:13:02,46484.22,Card,RuPay_debit,522222.0,premium_rewards,5411,B2B wholesale,True,True,True,0.02,0.0,0.0,above_20L,R12_mcc_misclassification,Matched,R2,0.0,0.0,0.0,Accurate fee verified against R2.
TXN_000109,2026-08-16 18:13:26,61313.25,UPI,bank_UPI,,,5045,B2B wholesale,True,True,True,0.02,0.0,0.0,above_20L,clean,Matched,R1,0.0,0.0,0.0,Accurate fee verified against R1.
TXN_000110,2026-08-23 21:07:13,2360.32,UPI,bank_UPI,,,5045,B2B wholesale,True,True,False,0.02,0.0,0.0,above_20L,clean,Matched,R1,0.0,0.0,0.0,Accurate fee verified against R1.
TXN_000111,2026-08-20 17:53:06,2126.52,UPI,bank_UPI,,,5411,B2B wholesale,True,True,False,0.02,0.0,0.0,above_20L,R12_mcc_misclassification,Matched,R1,0.0,0.0,0.0,Accurate fee verified against R1.
TXN_000112,2026-08-23 04:55:20,2241.69,UPI,,,,5045,B2B wholesale,True,True,False,0.02,0.0,0.0,above_20L,exception_missing_tag,Exception,NONE,,0.0,,Missing sub_instrument routing tag; cannot verify applicable statutory MDR.
TXN_000113,2026-08-24 09:55:14,2219.73,UPI,bank_UPI,,,5045,B2B wholesale,True,True,False,0.02,0.0,0.0,above_20L,clean,Matched,R1,0.0,0.0,0.0,Accurate fee verified against R1.
TXN_000114,2026-08-21 10:34:51,2426.54,UPI,bank_UPI,,,5045,B2B wholesale,True,True,False,0.02,0.0,0.0,above_20L,clean,Matched,R1,0.0,0.0,0.0,Accurate fee verified against R1.
TXN_000115,2026-08-25 21:34:49,2146.82,UPI,bank_UPI,,,5045,B2B wholesale,True,True,False,0.02,0.0,0.0,above_20L,clean,Matched,R1,0.0,0.0,0.0,Accurate fee verified against R1.
TXN_000116,2026-08-28 05:14:06,21699.21,Card,RuPay_debit,511111.0,basic,5045,B2B wholesale,True,True,True,0.02,0.0,0.0,above_20L,clean,Matched,R2,0.0,0.0,0.0,Accurate fee verified against R2.
TXN_000117,2026-08-27 03:32:18,21068.08,UPI,RuPay_credit_UPI,522222.0,premium_rewards,5045,B2B wholesale,True,True,True,0.02,316.02,56.88,above_20L,clean,Matched,R4,316.02,316.02,0.0,Accurate fee verified against R4.
TXN_000118,2026-08-15 19:09:23,61434.84,UPI,bank_UPI,,,5045,B2B wholesale,True,True,True,0.02,0.0,0.0,above_20L,clean,Matched,R1,0.0,0.0,0.0,Accurate fee verified against R1.
TXN_000119,2026-08-27 02:14:59,2331.67,UPI,PPI_wallet_UPI,,,5411,B2B wholesale,True,True,False,0.02,25.65,4.62,above_20L,R12_mcc_misclassification,Leaked,R6b,20.99,25.65,4.66,"Statutory disparity against R6b: expected Rs 20.99, charged Rs 25.65."
TXN_000120,2026-08-19 14:27:42,2062.1,UPI,bank_UPI,,,5045,B2B wholesale,True,True,False,0.02,0.0,0.0,above_20L,clean,Matched,R1,0.0,0.0,0.0,Accurate fee verified against R1.
TXN_000121,2026-08-17 12:40:52,37974.17,Card,RuPay_debit,411111.0,basic,5411,B2B wholesale,True,True,True,0.02,0.0,0.0,above_20L,R12_mcc_misclassification,Matched,R2,0.0,0.0,0.0,Accurate fee verified against R2.
TXN_000122,2026-08-29 22:51:27,2063.06,UPI,bank_UPI,,,5411,B2B wholesale,True,True,False,0.02,0.0,0.0,above_20L,R12_mcc_misclassification,Matched,R1,0.0,0.0,0.0,Accurate fee verified against R1.
TXN_000123,2026-08-26 07:11:44,46323.16,UPI,PPI_wallet_UPI,,,5045,B2B wholesale,True,True,True,0.02,509.55,91.72,above_20L,clean,Matched,R6c,509.55,509.55,0.0,Accurate fee verified against R6c.
TXN_000124,2026-08-24 09:42:02,2363.81,UPI,bank_UPI,,,5045,B2B wholesale,True,True,False,0.02,0.0,0.0,above_20L,clean,Matched,R1,0.0,0.0,0.0,Accurate fee verified against R1.
TXN_000125,2026-08-24 02:55:02,63604.37,Card,Visa_credit,433333.0,corporate,5045,B2B wholesale,True,True,True,0.02,1272.09,228.98,above_20L,clean,Flagged_For_Review,R9,1272.09,1272.09,0.0,Market credit card rate applied; requires bilateral MSA contract review.
TXN_000126,2026-08-23 16:13:26,2335.21,UPI,bank_UPI,,,5045,B2B wholesale,True,True,False,0.02,0.0,0.0,above_20L,clean,Matched,R1,0.0,0.0,0.0,Accurate fee verified against R1.
TXN_000127,2026-08-16 17:25:29,2131.87,UPI,PPI_wallet_UPI,,,5045,B2B wholesale,True,True,False,0.02,23.45,4.22,above_20L,clean,Matched,R6c,23.45,23.45,0.0,Accurate fee verified against R6c.
TXN_000128,2026-08-20 06:26:19,29989.6,UPI,bank_UPI,,,5045,B2B wholesale,True,True,True,0.02,0.0,0.0,above_20L,clean,Matched,R1,0.0,0.0,0.0,Accurate fee verified against R1.
TXN_000129,2026-08-15 19:02:29,2208.37,UPI,RuPay_credit_UPI,433333.0,corporate,5045,B2B wholesale,True,True,False,0.02,33.13,5.96,above_20L,clean,Matched,R4,33.13,33.13,0.0,Accurate fee verified against R4.
TXN_000130,2026-08-29 04:27:22,2346.81,UPI,PPI_wallet_UPI,,,5045,B2B wholesale,True,True,False,0.02,25.81,4.65,above_20L,clean,Matched,R6c,25.81,25.81,0.0,Accurate fee verified against R6c.
TXN_000131,2026-08-16 10:33:03,2384.06,UPI,RuPay_credit_UPI,511111.0,basic,5045,B2B wholesale,True,True,False,0.02,35.76,6.44,above_20L,clean,Matched,R4,35.76,35.76,0.0,Accurate fee verified against R4.
TXN_000132,2026-08-27 15:45:38,2351.77,UPI,bank_UPI,,,5045,B2B wholesale,True,True,False,0.02,0.0,0.0,above_20L,clean,Matched,R1,0.0,0.0,0.0,Accurate fee verified against R1.
TXN_000133,2026-08-16 02:45:00,2024.99,UPI,PPI_wallet_UPI,,,5045,B2B wholesale,True,True,False,0.02,22.27,4.01,above_20L,clean,Matched,R6c,22.27,22.27,0.0,Accurate fee verified against R6c.
TXN_000134,2026-08-20 20:38:56,10967.46,Card,RuPay_debit,433333.0,corporate,5045,B2B wholesale,True,True,True,0.02,0.0,0.0,above_20L,clean,Matched,R2,0.0,0.0,0.0,Accurate fee verified against R2.
TXN_000135,2026-08-17 10:27:52,2260.74,UPI,bank_UPI,,,5045,B2B wholesale,True,True,False,0.02,0.0,0.0,above_20L,clean,Matched,R1,0.0,0.0,0.0,Accurate fee verified against R1.
TXN_000136,2026-08-22 23:36:49,2313.52,UPI,bank_UPI,,,5045,B2B wholesale,True,True,False,0.02,0.0,0.0,above_20L,clean,Matched,R1,0.0,0.0,0.0,Accurate fee verified against R1.
TXN_000137,2026-08-17 04:13:36,18389.69,UPI,bank_UPI,,,5045,B2B wholesale,True,True,True,0.02,0.0,0.0,above_20L,clean,Matched,R1,0.0,0.0,0.0,Accurate fee verified against R1.
TXN_000138,2026-08-18 18:48:13,2228.18,UPI,bank_UPI,,,5045,B2B wholesale,True,True,False,0.02,0.0,0.0,above_20L,clean,Matched,R1,0.0,0.0,0.0,Accurate fee verified against R1.
TXN_000139,2026-08-15 14:34:44,2116.22,UPI,bank_UPI,,,5045,B2B wholesale,True,True,False,0.02,0.0,0.0,above_20L,clean,Matched,R1,0.0,0.0,0.0,Accurate fee verified against R1.
TXN_000140,2026-08-21 19:46:51,8900.25,UPI,bank_UPI,,,5045,B2B wholesale,True,True,False,0.02,0.0,0.0,above_20L,clean,Matched,R1,0.0,0.0,0.0,Accurate fee verified against R1.
TXN_000141,2026-08-15 22:40:22,38856.58,UPI,RuPay_credit_UPI,533333.0,corporate,5045,B2B wholesale,False,False,True,0.02,893.7,160.87,above_20L,R10_l2_l3_downgrade,Leaked,R4,582.85,893.7,310.85,"Statutory disparity against R4: expected Rs 582.85, charged Rs 893.70."
TXN_000142,2026-08-25 15:41:15,2076.27,UPI,RuPay_credit_UPI,511111.0,basic,5045,B2B wholesale,True,True,False,0.02,31.14,5.61,above_20L,clean,Matched,R4,31.14,31.14,0.0,Accurate fee verified against R4.
TXN_000143,2026-08-25 22:27:56,2352.8,UPI,bank_UPI,,,5411,B2B wholesale,True,True,False,0.02,0.0,0.0,above_20L,R12_mcc_misclassification,Matched,R1,0.0,0.0,0.0,Accurate fee verified against R1.
TXN_000144,2026-08-28 01:21:39,31902.98,UPI,bank_UPI,,,5045,B2B wholesale,True,True,True,0.02,0.0,0.0,above_20L,clean,Matched,R1,0.0,0.0,0.0,Accurate fee verified against R1.
TXN_000145,2026-08-21 06:36:57,23120.88,Card,RuPay_debit,607111.0,basic,5045,B2B wholesale,True,True,True,0.02,0.0,0.0,above_20L,clean,Matched,R2,0.0,0.0,0.0,Accurate fee verified against R2.
TXN_000146,2026-08-18 13:04:07,13683.76,UPI,bank_UPI,,,5045,B2B wholesale,True,True,True,0.02,0.0,0.0,above_20L,clean,Matched,R1,0.0,0.0,0.0,Accurate fee verified against R1.
TXN_000147,2026-08-26 21:57:22,2008.07,UPI,bank_UPI,,,5045,B2B wholesale,True,True,False,0.02,0.0,0.0,above_20L,clean,Matched,R1,0.0,0.0,0.0,Accurate fee verified against R1.
TXN_000148,2026-08-16 23:45:57,2171.08,UPI,bank_UPI,,,5045,B2B wholesale,True,True,False,0.02,0.0,0.0,above_20L,clean,Matched,R1,0.0,0.0,0.0,Accurate fee verified against R1.
TXN_000149,2026-08-27 09:06:45,63530.76,Card,Visa_credit,433333.0,corporate,5045,B2B wholesale,True,True,True,0.02,1270.62,228.71,above_20L,clean,Flagged_For_Review,R9,1270.62,1270.62,0.0,Market credit card rate applied; requires bilateral MSA contract review.
TXN_000150,2026-08-21 04:02:41,2442.04,UPI,bank_UPI,,,5045,B2B wholesale,True,True,False,0.02,0.0,0.0,above_20L,clean,Matched,R1,0.0,0.0,0.0,Accurate fee verified against R1.
TXN_000151,2026-08-19 21:19:59,12486.51,Card,RuPay_debit,411111.0,basic,5045,B2B wholesale,True,True,True,0.02,0.0,0.0,above_20L,clean,Matched,R2,0.0,0.0,0.0,Accurate fee verified against R2.
TXN_000152,2026-08-25 10:58:53,13407.47,Card,RuPay_debit,511111.0,basic,5045,B2B wholesale,True,True,True,0.02,0.0,0.0,above_20L,clean,Matched,R2,0.0,0.0,0.0,Accurate fee verified against R2.
TXN_000153,2026-08-17 23:05:53,63329.8,UPI,bank_UPI,,,5045,B2B wholesale,True,True,True,0.02,0.0,0.0,above_20L,clean,Matched,R1,0.0,0.0,0.0,Accurate fee verified against R1.
TXN_000154,2026-08-22 07:21:59,19583.62,Card,Debit_non_rupay,,,5411,B2B wholesale,True,True,True,0.02,176.25,31.72,above_20L,R12_mcc_misclassification,Matched,R8,176.25,176.25,0.0,Accurate fee verified against R8.
TXN_000155,2026-08-16 01:43:27,55658.35,Card,RuPay_debit,511111.0,basic,5045,B2B wholesale,True,True,True,0.02,0.0,0.0,above_20L,clean,Matched,R2,0.0,0.0,0.0,Accurate fee verified against R2.
TXN_000156,2026-08-27 13:10:07,31956.26,Card,,433333.0,corporate,5045,B2B wholesale,True,True,True,0.02,639.13,115.04,above_20L,exception_missing_tag,Exception,NONE,,639.13,,Missing sub_instrument routing tag; cannot verify applicable statutory MDR.
TXN_000157,2026-08-27 14:37:54,52622.88,UPI,bank_UPI,,,5411,B2B wholesale,True,True,True,0.02,0.0,0.0,above_20L,R12_mcc_misclassification,Matched,R1,0.0,0.0,0.0,Accurate fee verified against R1.
TXN_000158,2026-08-25 22:02:54,43535.59,Card,Visa_credit,533333.0,corporate,5045,B2B wholesale,True,True,True,0.02,870.71,156.73,above_20L,clean,Flagged_For_Review,R9,870.71,870.71,0.0,Market credit card rate applied; requires bilateral MSA contract review.
TXN_000159,2026-08-23 01:17:07,2214.74,UPI,PPI_wallet_UPI,,,5045,B2B wholesale,True,True,False,0.02,24.36,4.38,above_20L,clean,Matched,R6c,24.36,24.36,0.0,Accurate fee verified against R6c.
TXN_000160,2026-08-30 06:21:07,50786.26,UPI,bank_UPI,,,5045,B2B wholesale,True,True,True,0.02,0.0,0.0,above_20L,clean,Matched,R1,0.0,0.0,0.0,Accurate fee verified against R1.
TXN_000161,2026-08-20 01:29:28,2248.93,UPI,bank_UPI,,,5411,B2B wholesale,True,True,False,0.02,0.0,0.0,above_20L,R12_mcc_misclassification,Matched,R1,0.0,0.0,0.0,Accurate fee verified against R1.
TXN_000162,2026-08-18 17:27:15,57750.61,UPI,bank_UPI,,,5045,B2B wholesale,True,True,True,0.02,0.0,0.0,above_20L,clean,Matched,R1,0.0,0.0,0.0,Accurate fee verified against R1.
TXN_000163,2026-08-16 06:39:34,2414.05,UPI,bank_UPI,,,5045,B2B wholesale,True,True,False,0.02,0.0,0.0,above_20L,clean,Matched,R1,0.0,0.0,0.0,Accurate fee verified against R1.
TXN_000164,2026-08-25 01:47:36,30540.44,Card,RuPay_debit,533333.0,corporate,5045,B2B wholesale,True,True,True,0.02,0.0,0.0,above_20L,clean,Matched,R2,0.0,0.0,0.0,Accurate fee verified against R2.
TXN_000165,2026-08-19 01:46:43,23647.32,Card,RuPay_debit,411111.0,basic,5045,B2B wholesale,True,True,True,0.02,0.0,0.0,above_20L,clean,Matched,R2,0.0,0.0,0.0,Accurate fee verified against R2.
TXN_000166,2026-08-22 20:58:59,5807.98,Card,Mastercard_credit,411111.0,basic,5045,B2B wholesale,True,True,False,0.02,116.16,20.91,above_20L,clean,Flagged_For_Review,R9,116.16,116.16,0.0,Market credit card rate applied; requires bilateral MSA contract review.
TXN_000167,2026-08-23 20:01:42,2268.15,UPI,bank_UPI,,,5411,B2B wholesale,True,True,False,0.02,0.0,0.0,above_20L,R12_mcc_misclassification,Matched,R1,0.0,0.0,0.0,Accurate fee verified against R1.
TXN_000168,2026-08-20 01:16:47,21821.11,Card,RuPay_debit,433333.0,corporate,5045,B2B wholesale,True,True,True,0.02,0.0,0.0,above_20L,clean,Matched,R2,0.0,0.0,0.0,Accurate fee verified against R2.
TXN_000169,2026-08-24 01:47:54,2175.86,UPI,bank_UPI,,,5045,B2B wholesale,True,True,False,0.02,0.0,0.0,above_20L,clean,Matched,R1,0.0,0.0,0.0,Accurate fee verified against R1.
TXN_000170,2026-08-24 11:59:26,2182.3,UPI,bank_UPI,,,5045,B2B wholesale,True,True,False,0.02,0.0,0.0,above_20L,clean,Matched,R1,0.0,0.0,0.0,Accurate fee verified against R1.
TXN_000171,2026-08-23 06:47:32,2334.23,UPI,PPI_wallet_UPI,,,5045,B2B wholesale,True,True,False,0.02,25.68,4.62,above_20L,clean,Matched,R6c,25.68,25.68,0.0,Accurate fee verified against R6c.
TXN_000172,2026-08-20 03:47:40,2202.01,UPI,bank_UPI,,,5045,B2B wholesale,True,True,False,0.02,0.0,0.0,above_20L,clean,Matched,R1,0.0,0.0,0.0,Accurate fee verified against R1.
TXN_000173,2026-08-20 02:03:45,9316.05,Card,Debit_non_rupay,,,5045,B2B wholesale,True,True,False,0.02,83.84,15.09,above_20L,clean,Matched,R8,83.84,83.84,0.0,Accurate fee verified against R8.
TXN_000174,2026-08-29 13:33:27,5703.89,Card,Visa_credit,411111.0,basic,5045,B2B wholesale,True,True,False,0.02,114.08,20.53,above_20L,clean,Flagged_For_Review,R9,114.08,114.08,0.0,Market credit card rate applied; requires bilateral MSA contract review.
TXN_000175,2026-08-25 17:26:27,4819.64,Card,Debit_non_rupay,,,5045,B2B wholesale,True,True,False,0.02,43.38,7.81,above_20L,clean,Matched,R8,43.38,43.38,0.0,Accurate fee verified against R8.
TXN_000176,2026-08-20 13:57:43,62635.27,UPI,bank_UPI,,,5045,B2B wholesale,True,True,True,0.02,0.0,0.0,above_20L,clean,Matched,R1,0.0,0.0,0.0,Accurate fee verified against R1.
TXN_000177,2026-08-17 10:56:48,9929.48,Card,Mastercard_credit,433333.0,corporate,5045,B2B wholesale,True,True,False,0.02,198.59,35.75,above_20L,clean,Flagged_For_Review,R9,198.59,198.59,0.0,Market credit card rate applied; requires bilateral MSA contract review.
TXN_000178,2026-08-15 11:56:08,57933.99,UPI,bank_UPI,,,5045,B2B wholesale,True,True,True,0.02,0.0,0.0,above_20L,clean,Matched,R1,0.0,0.0,0.0,Accurate fee verified against R1.
TXN_000179,2026-08-29 01:25:52,23975.39,UPI,bank_UPI,,,5045,B2B wholesale,True,True,True,0.02,0.0,0.0,above_20L,clean,Matched,R1,0.0,0.0,0.0,Accurate fee verified against R1.
TXN_000180,2026-08-23 08:39:57,2396.89,UPI,bank_UPI,,,5045,B2B wholesale,True,True,False,0.02,0.0,0.0,above_20L,clean,Matched,R1,0.0,0.0,0.0,Accurate fee verified against R1.
TXN_000181,2026-08-21 07:13:44,35486.16,Card,,511111.0,basic,5045,B2B wholesale,True,True,True,0.02,0.0,0.0,above_20L,exception_missing_tag,Exception,NONE,,0.0,,Missing sub_instrument routing tag; cannot verify applicable statutory MDR.
TXN_000182,2026-08-27 05:30:02,2377.92,UPI,bank_UPI,,,5045,B2B wholesale,True,True,False,0.02,0.0,0.0,above_20L,clean,Matched,R1,0.0,0.0,0.0,Accurate fee verified against R1.
TXN_000183,2026-08-16 10:21:00,2365.03,UPI,bank_UPI,,,5411,B2B wholesale,True,True,False,0.02,0.0,0.0,above_20L,R12_mcc_misclassification,Matched,R1,0.0,0.0,0.0,Accurate fee verified against R1.
TXN_000184,2026-08-24 14:09:28,19602.94,Card,RuPay_debit,511111.0,basic,5045,B2B wholesale,True,True,True,0.02,0.0,0.0,above_20L,clean,Matched,R2,0.0,0.0,0.0,Accurate fee verified against R2.
TXN_000185,2026-08-25 09:20:28,27428.66,UPI,bank_UPI,,,5045,B2B wholesale,True,True,True,0.02,0.0,0.0,above_20L,clean,Matched,R1,0.0,0.0,0.0,Accurate fee verified against R1.
TXN_000186,2026-08-26 12:06:05,2280.68,UPI,PPI_wallet_UPI,,,5045,B2B wholesale,True,True,False,0.02,25.09,4.52,above_20L,clean,Matched,R6c,25.09,25.09,0.0,Accurate fee verified against R6c.
TXN_000187,2026-08-18 06:25:59,2308.05,UPI,bank_UPI,,,5045,B2B wholesale,True,True,False,0.02,0.0,0.0,above_20L,clean,Matched,R1,0.0,0.0,0.0,Accurate fee verified against R1.
TXN_000188,2026-08-23 21:35:57,62601.76,Card,RuPay_debit,433333.0,corporate,5045,B2B wholesale,True,True,True,0.02,0.0,0.0,above_20L,clean,Matched,R2,0.0,0.0,0.0,Accurate fee verified against R2.
TXN_000189,2026-08-15 18:37:36,11907.79,Card,RuPay_debit,433333.0,corporate,5411,B2B wholesale,True,True,True,0.02,0.0,0.0,above_20L,R12_mcc_misclassification,Matched,R2,0.0,0.0,0.0,Accurate fee verified against R2.
TXN_000190,2026-08-19 04:17:11,2367.52,UPI,bank_UPI,,,5411,B2B wholesale,True,True,False,0.02,0.0,0.0,above_20L,R12_mcc_misclassification,Matched,R1,0.0,0.0,0.0,Accurate fee verified against R1.
TXN_000191,2026-08-16 20:26:02,2203.62,UPI,bank_UPI,,,5045,B2B wholesale,True,True,False,0.02,0.0,0.0,above_20L,clean,Matched,R1,0.0,0.0,0.0,Accurate fee verified against R1.
TXN_000192,2026-08-29 08:14:32,58525.24,UPI,bank_UPI,,,5045,B2B wholesale,True,True,True,0.02,0.0,0.0,above_20L,clean,Matched,R1,0.0,0.0,0.0,Accurate fee verified against R1.
TXN_000193,2026-08-17 05:13:58,2296.76,UPI,bank_UPI,,,5045,B2B wholesale,True,True,False,0.02,0.0,0.0,above_20L,clean,Matched,R1,0.0,0.0,0.0,Accurate fee verified against R1.
TXN_000194,2026-08-22 15:55:47,3177.81,Card,RuPay_debit,511111.0,basic,5045,B2B wholesale,True,True,False,0.02,0.0,0.0,above_20L,clean,Matched,R2,0.0,0.0,0.0,Accurate fee verified against R2.
TXN_000195,2026-08-19 21:56:12,10595.48,UPI,bank_UPI,,,5045,B2B wholesale,True,True,True,0.02,0.0,0.0,above_20L,clean,Matched,R1,0.0,0.0,0.0,Accurate fee verified against R1.
TXN_000196,2026-08-27 08:02:21,53585.44,UPI,bank_UPI,,,5045,B2B wholesale,True,True,True,0.02,0.0,0.0,above_20L,clean,Matched,R1,0.0,0.0,0.0,Accurate fee verified against R1.
TXN_000197,2026-08-25 04:23:04,2062.33,UPI,bank_UPI,,,5045,B2B wholesale,True,True,False,0.02,0.0,0.0,above_20L,clean,Matched,R1,0.0,0.0,0.0,Accurate fee verified against R1.
TXN_000198,2026-08-28 11:47:46,2423.25,UPI,bank_UPI,,,5045,B2B wholesale,True,True,False,0.02,0.0,0.0,above_20L,clean,Matched,R1,0.0,0.0,0.0,Accurate fee verified against R1.
TXN_000199,2026-08-27 13:14:40,26522.2,Card,RuPay_debit,422222.0,premium_rewards,5045,B2B wholesale,True,True,True,0.02,0.0,0.0,above_20L,clean,Matched,R2,0.0,0.0,0.0,Accurate fee verified against R2.
TXN_000200,2026-08-29 08:22:40,13315.86,Card,RuPay_debit,533333.0,corporate,5045,B2B wholesale,True,True,True,0.02,0.0,0.0,above_20L,clean,Matched,R2,0.0,0.0,0.0,Accurate fee verified against R2.
TXN_000201,2026-08-21 04:46:02,29408.33,UPI,RuPay_credit_UPI,607222.0,corporate,5045,B2B wholesale,False,False,True,0.02,676.39,121.75,above_20L,R10_l2_l3_downgrade,Leaked,R4,441.12,676.39,235.27,"Statutory disparity against R4: expected Rs 441.12, charged Rs 676.39."
TXN_000202,2026-08-17 18:40:20,2049.58,UPI,PPI_wallet_UPI,,,5045,B2B wholesale,True,True,False,0.02,22.55,4.06,above_20L,clean,Matched,R6c,22.55,22.55,0.0,Accurate fee verified against R6c.
TXN_000203,2026-08-28 04:40:02,32769.75,Card,Mastercard_credit,607111.0,basic,5045,B2B wholesale,True,True,True,0.02,655.39,117.97,above_20L,clean,Flagged_For_Review,R9,655.39,655.39,0.0,Market credit card rate applied; requires bilateral MSA contract review.
TXN_000204,2026-08-21 17:54:50,62754.93,UPI,bank_UPI,,,5045,B2B wholesale,True,True,True,0.02,0.0,0.0,above_20L,clean,Matched,R1,0.0,0.0,0.0,Accurate fee verified against R1.
TXN_000205,2026-08-16 14:07:07,2064.99,UPI,bank_UPI,,,5411,B2B wholesale,True,True,False,0.02,0.0,0.0,above_20L,R12_mcc_misclassification,Matched,R1,0.0,0.0,0.0,Accurate fee verified against R1.
TXN_000206,2026-08-19 23:16:12,35242.91,Card,,607222.0,corporate,5045,B2B wholesale,True,True,True,0.02,704.86,126.87,above_20L,exception_missing_tag,Exception,NONE,,704.86,,Missing sub_instrument routing tag; cannot verify applicable statutory MDR.
TXN_000207,2026-08-19 11:32:37,12786.45,Card,Visa_credit,522222.0,premium_rewards,5045,B2B wholesale,True,True,True,0.02,255.73,46.03,above_20L,clean,Flagged_For_Review,R9,255.73,255.73,0.0,Market credit card rate applied; requires bilateral MSA contract review.
TXN_000208,2026-08-29 22:42:20,10352.34,UPI,bank_UPI,,,5045,B2B wholesale,True,True,True,0.02,0.0,0.0,above_20L,clean,Matched,R1,0.0,0.0,0.0,Accurate fee verified against R1.
TXN_000209,2026-08-17 21:19:06,2449.68,UPI,RuPay_credit_UPI,433333.0,corporate,5045,B2B wholesale,False,False,False,0.02,56.35,10.14,above_20L,R10_l2_l3_downgrade,Leaked,R4,36.75,56.35,19.6,"Statutory disparity against R4: expected Rs 36.75, charged Rs 56.35."
TXN_000210,2026-08-24 15:39:06,31144.48,UPI,RuPay_credit_UPI,533333.0,corporate,5045,B2B wholesale,False,False,True,0.02,716.33,128.94,above_20L,R10_l2_l3_downgrade,Leaked,R4,467.17,716.33,249.16,"Statutory disparity against R4: expected Rs 467.17, charged Rs 716.33."
TXN_000211,2026-08-17 16:22:53,24474.25,Card,RuPay_debit,433333.0,corporate,5045,B2B wholesale,False,False,True,0.02,195.79,35.24,above_20L,R10_l2_l3_downgrade,Leaked,R10,489.49,195.79,-293.7,"Statutory disparity against R10: expected Rs 489.49, charged Rs 195.79."
TXN_000212,2026-08-15 12:23:12,2252.44,UPI,bank_UPI,,,5045,B2B wholesale,True,True,False,0.02,0.0,0.0,above_20L,clean,Matched,R1,0.0,0.0,0.0,Accurate fee verified against R1.
TXN_000213,2026-08-24 04:32:35,2022.17,UPI,bank_UPI,,,5045,B2B wholesale,True,True,False,0.02,0.0,0.0,above_20L,clean,Matched,R1,0.0,0.0,0.0,Accurate fee verified against R1.
TXN_000214,2026-08-26 20:17:35,27941.68,Card,RuPay_debit,511111.0,basic,5045,B2B wholesale,True,True,True,0.02,0.0,0.0,above_20L,clean,Matched,R2,0.0,0.0,0.0,Accurate fee verified against R2.
TXN_000215,2026-08-24 06:16:15,2153.41,UPI,bank_UPI,,,5411,B2B wholesale,True,True,False,0.02,0.0,0.0,above_20L,R12_mcc_misclassification,Matched,R1,0.0,0.0,0.0,Accurate fee verified against R1.
TXN_000216,2026-08-19 01:37:44,44265.99,Card,Mastercard_credit,411111.0,basic,5045,B2B wholesale,True,True,True,0.02,885.32,159.36,above_20L,clean,Flagged_For_Review,R9,885.32,885.32,0.0,Market credit card rate applied; requires bilateral MSA contract review.
TXN_000217,2026-08-19 21:35:10,30822.8,UPI,bank_UPI,,,5045,B2B wholesale,True,True,True,0.02,0.0,0.0,above_20L,clean,Matched,R1,0.0,0.0,0.0,Accurate fee verified against R1.
TXN_000218,2026-08-19 22:54:21,49768.06,Card,RuPay_debit,411111.0,basic,5045,B2B wholesale,True,True,True,0.02,0.0,0.0,above_20L,clean,Matched,R2,0.0,0.0,0.0,Accurate fee verified against R2.
TXN_000219,2026-08-20 15:12:30,17652.69,Card,RuPay_debit,433333.0,corporate,5045,B2B wholesale,True,True,True,0.02,0.0,0.0,above_20L,clean,Matched,R2,0.0,0.0,0.0,Accurate fee verified against R2.
TXN_000220,2026-08-19 20:17:22,2312.67,UPI,bank_UPI,,,5045,B2B wholesale,True,True,False,0.02,0.0,0.0,above_20L,clean,Matched,R1,0.0,0.0,0.0,Accurate fee verified against R1.
TXN_000221,2026-08-18 12:15:02,2350.43,UPI,bank_UPI,,,5045,B2B wholesale,True,True,False,0.02,0.0,0.0,above_20L,clean,Matched,R1,0.0,0.0,0.0,Accurate fee verified against R1.
TXN_000222,2026-08-27 23:10:28,12594.36,UPI,bank_UPI,,,5045,B2B wholesale,True,True,True,0.02,0.0,0.0,above_20L,clean,Matched,R1,0.0,0.0,0.0,Accurate fee verified against R1.
TXN_000223,2026-08-24 20:41:32,14509.17,UPI,PPI_wallet_UPI,,,5045,B2B wholesale,True,True,True,0.02,159.6,28.73,above_20L,clean,Matched,R6c,159.6,159.6,0.0,Accurate fee verified against R6c.
TXN_000224,2026-08-19 02:16:27,2291.06,UPI,bank_UPI,,,5411,B2B wholesale,True,True,False,0.02,0.0,0.0,above_20L,R12_mcc_misclassification,Matched,R1,0.0,0.0,0.0,Accurate fee verified against R1.
TXN_000225,2026-08-18 12:41:47,2210.52,UPI,,,,5045,B2B wholesale,True,True,False,0.02,0.0,0.0,above_20L,exception_missing_tag,Exception,NONE,,0.0,,Missing sub_instrument routing tag; cannot verify applicable statutory MDR.
TXN_000226,2026-08-19 05:43:53,2267.79,UPI,RuPay_credit_UPI,522222.0,premium_rewards,5045,B2B wholesale,True,True,False,0.02,34.02,6.12,above_20L,clean,Matched,R4,34.02,34.02,0.0,Accurate fee verified against R4.
TXN_000227,2026-08-26 13:03:03,2517.16,UPI,PPI_wallet_UPI,,,5045,B2B wholesale,True,True,False,0.02,27.69,4.98,above_20L,clean,Matched,R6c,27.69,27.69,0.0,Accurate fee verified against R6c.
TXN_000228,2026-08-23 08:49:15,2143.67,UPI,bank_UPI,,,5045,B2B wholesale,True,True,False,0.02,0.0,0.0,above_20L,clean,Matched,R1,0.0,0.0,0.0,Accurate fee verified against R1.
TXN_000229,2026-08-21 22:56:57,52780.09,UPI,bank_UPI,,,5045,B2B wholesale,True,True,True,0.02,0.0,0.0,above_20L,clean,Matched,R1,0.0,0.0,0.0,Accurate fee verified against R1.
TXN_000230,2026-08-29 11:26:58,19771.1,UPI,bank_UPI,,,5045,B2B wholesale,True,True,True,0.02,0.0,0.0,above_20L,clean,Matched,R1,0.0,0.0,0.0,Accurate fee verified against R1.
TXN_000231,2026-08-20 05:20:06,2163.96,UPI,bank_UPI,,,5411,B2B wholesale,True,True,False,0.02,0.0,0.0,above_20L,R12_mcc_misclassification,Matched,R1,0.0,0.0,0.0,Accurate fee verified against R1.
TXN_000232,2026-08-26 23:50:18,2088.78,UPI,RuPay_credit_UPI,522222.0,premium_rewards,5045,B2B wholesale,True,True,False,0.02,31.33,5.64,above_20L,clean,Matched,R4,31.33,31.33,0.0,Accurate fee verified against R4.
TXN_000233,2026-08-26 20:37:16,2370.01,UPI,RuPay_credit_UPI,433333.0,corporate,5045,B2B wholesale,False,False,False,0.02,54.51,9.81,above_20L,R10_l2_l3_downgrade,Leaked,R4,35.55,54.51,18.96,"Statutory disparity against R4: expected Rs 35.55, charged Rs 54.51."
TXN_000234,2026-08-26 06:38:06,12124.61,Card,Visa_credit,433333.0,corporate,5045,B2B wholesale,True,True,True,0.02,242.49,43.65,above_20L,clean,Flagged_For_Review,R9,242.49,242.49,0.0,Market credit card rate applied; requires bilateral MSA contract review.
TXN_000235,2026-08-21 10:14:51,2124.32,UPI,bank_UPI,,,5045,B2B wholesale,True,True,False,0.02,0.0,0.0,above_20L,clean,Matched,R1,0.0,0.0,0.0,Accurate fee verified against R1.
TXN_000236,2026-08-20 01:30:02,2252.09,UPI,bank_UPI,,,5045,B2B wholesale,True,True,False,0.02,0.0,0.0,above_20L,clean,Matched,R1,0.0,0.0,0.0,Accurate fee verified against R1.
TXN_000237,2026-08-27 08:41:28,2145.65,UPI,,607222.0,corporate,5045,B2B wholesale,True,True,False,0.02,32.18,5.79,above_20L,exception_missing_tag,Exception,NONE,,32.18,,Missing sub_instrument routing tag; cannot verify applicable statutory MDR.
TXN_000238,2026-08-21 15:26:34,2380.69,UPI,RuPay_credit_UPI,607222.0,corporate,5045,B2B wholesale,False,False,False,0.02,54.76,9.86,above_20L,R10_l2_l3_downgrade,Leaked,R4,35.71,54.76,19.05,"Statutory disparity against R4: expected Rs 35.71, charged Rs 54.76."
TXN_000239,2026-08-24 18:21:21,30879.95,Card,Visa_credit,433333.0,corporate,5045,B2B wholesale,False,False,True,0.02,864.64,155.64,above_20L,R10_l2_l3_downgrade,Leaked,R10,617.6,864.64,247.04,"Statutory disparity against R10: expected Rs 617.60, charged Rs 864.64."
TXN_000240,2026-08-23 09:07:17,2154.87,UPI,RuPay_credit_UPI,422222.0,premium_rewards,5045,B2B wholesale,True,True,False,0.02,32.32,5.82,above_20L,clean,Matched,R4,32.32,32.32,0.0,Accurate fee verified against R4.
TXN_000241,2026-08-23 14:29:28,6245.7,Card,Mastercard_credit,533333.0,corporate,5411,B2B wholesale,True,True,False,0.02,124.91,22.48,above_20L,R12_mcc_misclassification,Flagged_For_Review,R9,124.91,124.91,0.0,Market credit card rate applied; requires bilateral MSA contract review.
TXN_000242,2026-08-30 00:50:19,2088.13,UPI,PPI_wallet_UPI,,,5411,B2B wholesale,True,True,False,0.02,22.97,4.13,above_20L,R12_mcc_misclassification,Leaked,R6b,18.79,22.97,4.18,"Statutory disparity against R6b: expected Rs 18.79, charged Rs 22.97."
TXN_000243,2026-08-24 13:25:40,2265.88,UPI,bank_UPI,,,5411,B2B wholesale,True,True,False,0.02,0.0,0.0,above_20L,R12_mcc_misclassification,Matched,R1,0.0,0.0,0.0,Accurate fee verified against R1.
TXN_000244,2026-08-20 21:40:09,2299.77,UPI,bank_UPI,,,5045,B2B wholesale,True,True,False,0.02,0.0,0.0,above_20L,clean,Matched,R1,0.0,0.0,0.0,Accurate fee verified against R1.
TXN_000245,2026-08-30 06:49:02,2430.5,UPI,bank_UPI,,,5045,B2B wholesale,True,True,False,0.02,0.0,0.0,above_20L,clean,Matched,R1,0.0,0.0,0.0,Accurate fee verified against R1.
TXN_000246,2026-08-18 14:31:18,2237.54,UPI,,533333.0,corporate,5045,B2B wholesale,True,True,False,0.02,33.56,6.04,above_20L,exception_missing_tag,Exception,NONE,,33.56,,Missing sub_instrument routing tag; cannot verify applicable statutory MDR.
TXN_000247,2026-08-29 03:42:41,47469.35,Card,Visa_credit,511111.0,basic,5045,B2B wholesale,True,True,True,0.02,949.39,170.89,above_20L,clean,Flagged_For_Review,R9,949.39,949.39,0.0,Market credit card rate applied; requires bilateral MSA contract review.
TXN_000248,2026-08-21 09:37:16,53567.17,UPI,bank_UPI,,,5045,B2B wholesale,True,True,True,0.02,0.0,0.0,above_20L,clean,Matched,R1,0.0,0.0,0.0,Accurate fee verified against R1.
TXN_000249,2026-08-22 02:05:39,2039.89,UPI,bank_UPI,,,5045,B2B wholesale,True,True,False,0.02,0.0,0.0,above_20L,clean,Matched,R1,0.0,0.0,0.0,Accurate fee verified against R1.
TXN_000250,2026-08-20 11:05:19,12795.38,Card,Visa_credit,607111.0,basic,5045,B2B wholesale,True,True,True,0.02,255.91,46.06,above_20L,clean,Flagged_For_Review,R9,255.91,255.91,0.0,Market credit card rate applied; requires bilateral MSA contract review.
TXN_000251,2026-08-25 14:31:52,63231.97,Card,Mastercard_credit,607111.0,basic,5045,B2B wholesale,True,True,True,0.02,1264.64,227.64,above_20L,clean,Flagged_For_Review,R9,1264.64,1264.64,0.0,Market credit card rate applied; requires bilateral MSA contract review.
TXN_000252,2026-08-27 07:23:47,62466.73,UPI,bank_UPI,,,5045,B2B wholesale,True,True,True,0.02,0.0,0.0,above_20L,clean,Matched,R1,0.0,0.0,0.0,Accurate fee verified against R1.
TXN_000253,2026-08-20 02:57:14,50834.62,Card,Mastercard_credit,422222.0,premium_rewards,5411,B2B wholesale,True,True,True,0.02,1016.69,183.0,above_20L,R12_mcc_misclassification,Flagged_For_Review,R9,1016.69,1016.69,0.0,Market credit card rate applied; requires bilateral MSA contract review.
TXN_000254,2026-08-21 20:21:10,2041.99,UPI,PPI_wallet_UPI,,,5045,B2B wholesale,True,True,False,0.02,22.46,4.04,above_20L,clean,Matched,R6c,22.46,22.46,0.0,Accurate fee verified against R6c.
TXN_000255,2026-08-22 08:40:29,16148.18,Card,RuPay_debit,433333.0,corporate,5045,B2B wholesale,True,True,True,0.02,0.0,0.0,above_20L,clean,Matched,R2,0.0,0.0,0.0,Accurate fee verified against R2.
TXN_000256,2026-08-25 20:17:55,44686.09,UPI,bank_UPI,,,5045,B2B wholesale,True,True,True,0.02,0.0,0.0,above_20L,clean,Matched,R1,0.0,0.0,0.0,Accurate fee verified against R1.
TXN_000257,2026-08-17 22:04:05,2275.66,UPI,bank_UPI,,,5045,B2B wholesale,True,True,False,0.02,0.0,0.0,above_20L,clean,Matched,R1,0.0,0.0,0.0,Accurate fee verified against R1.
TXN_000258,2026-08-21 16:01:17,5112.08,Card,RuPay_debit,411111.0,basic,5045,B2B wholesale,True,True,False,0.02,0.0,0.0,above_20L,clean,Matched,R2,0.0,0.0,0.0,Accurate fee verified against R2.
TXN_000259,2026-08-27 04:28:44,11064.04,UPI,PPI_wallet_UPI,,,5045,B2B wholesale,True,True,True,0.02,121.7,21.91,above_20L,clean,Matched,R6c,121.7,121.7,0.0,Accurate fee verified against R6c.
TXN_000260,2026-08-16 05:54:19,40631.51,Card,RuPay_debit,422222.0,premium_rewards,5045,B2B wholesale,True,True,True,0.02,0.0,0.0,above_20L,clean,Matched,R2,0.0,0.0,0.0,Accurate fee verified against R2.
TXN_000261,2026-08-27 04:18:44,46011.91,Card,,422222.0,premium_rewards,5045,B2B wholesale,True,True,True,0.02,0.0,0.0,above_20L,exception_missing_tag,Exception,NONE,,0.0,,Missing sub_instrument routing tag; cannot verify applicable statutory MDR.
TXN_000262,2026-08-21 22:26:44,2253.52,UPI,PPI_wallet_UPI,,,5045,B2B wholesale,True,True,False,0.02,24.79,4.46,above_20L,clean,Matched,R6c,24.79,24.79,0.0,Accurate fee verified against R6c.
TXN_000263,2026-08-20 20:43:45,40048.18,UPI,bank_UPI,,,5045,B2B wholesale,True,True,True,0.02,0.0,0.0,above_20L,clean,Matched,R1,0.0,0.0,0.0,Accurate fee verified against R1.
TXN_000264,2026-08-20 12:54:22,22321.82,Card,RuPay_debit,511111.0,basic,5045,B2B wholesale,True,True,True,0.02,0.0,0.0,above_20L,clean,Matched,R2,0.0,0.0,0.0,Accurate fee verified against R2.
TXN_000265,2026-08-16 05:06:16,5136.0,UPI,bank_UPI,,,5045,B2B wholesale,True,True,False,0.02,0.0,0.0,above_20L,clean,Matched,R1,0.0,0.0,0.0,Accurate fee verified against R1.
TXN_000266,2026-08-17 18:47:08,56784.85,UPI,,,,5045,B2B wholesale,True,True,True,0.02,0.0,0.0,above_20L,exception_missing_tag,Exception,NONE,,0.0,,Missing sub_instrument routing tag; cannot verify applicable statutory MDR.
TXN_000267,2026-08-20 00:03:26,60227.35,UPI,bank_UPI,,,5045,B2B wholesale,True,True,True,0.02,0.0,0.0,above_20L,clean,Matched,R1,0.0,0.0,0.0,Accurate fee verified against R1.
TXN_000268,2026-08-28 08:13:31,44201.95,Card,RuPay_debit,422222.0,premium_rewards,5045,B2B wholesale,True,True,True,0.02,0.0,0.0,above_20L,clean,Matched,R2,0.0,0.0,0.0,Accurate fee verified against R2.
TXN_000269,2026-08-24 20:21:55,57904.92,Card,Mastercard_credit,607111.0,basic,5045,B2B wholesale,True,True,True,0.02,1158.1,208.46,above_20L,clean,Flagged_For_Review,R9,1158.1,1158.1,0.0,Market credit card rate applied; requires bilateral MSA contract review.
TXN_000270,2026-08-15 17:15:01,18814.33,Card,Debit_non_rupay,,,5045,B2B wholesale,True,True,True,0.02,169.33,30.48,above_20L,clean,Matched,R8,169.33,169.33,0.0,Accurate fee verified against R8.
TXN_000271,2026-08-21 05:15:12,28674.36,UPI,bank_UPI,,,5045,B2B wholesale,True,True,True,0.02,0.0,0.0,above_20L,clean,Matched,R1,0.0,0.0,0.0,Accurate fee verified against R1.
TXN_000272,2026-08-18 21:04:32,63195.49,Card,Visa_credit,533333.0,corporate,5411,B2B wholesale,True,True,True,0.02,1263.91,227.5,above_20L,R12_mcc_misclassification,Flagged_For_Review,R9,1263.91,1263.91,0.0,Market credit card rate applied; requires bilateral MSA contract review.
TXN_000273,2026-08-28 02:05:07,2261.34,UPI,bank_UPI,,,5045,B2B wholesale,True,True,False,0.02,0.0,0.0,above_20L,clean,Matched,R1,0.0,0.0,0.0,Accurate fee verified against R1.
TXN_000274,2026-08-21 11:13:55,2127.88,UPI,bank_UPI,,,5045,B2B wholesale,True,True,False,0.02,0.0,0.0,above_20L,clean,Matched,R1,0.0,0.0,0.0,Accurate fee verified against R1.
TXN_000275,2026-08-23 18:40:15,2103.33,UPI,PPI_wallet_UPI,,,5045,B2B wholesale,True,True,False,0.02,23.14,4.17,above_20L,clean,Matched,R6c,23.14,23.14,0.0,Accurate fee verified against R6c.
TXN_000276,2026-08-18 19:11:26,2171.52,UPI,bank_UPI,,,5045,B2B wholesale,True,True,False,0.02,0.0,0.0,above_20L,clean,Matched,R1,0.0,0.0,0.0,Accurate fee verified against R1.
TXN_000277,2026-08-17 11:41:14,2287.55,UPI,bank_UPI,,,5045,B2B wholesale,True,True,False,0.02,0.0,0.0,above_20L,clean,Matched,R1,0.0,0.0,0.0,Accurate fee verified against R1.
TXN_000278,2026-08-28 10:22:35,23330.07,Card,RuPay_debit,533333.0,corporate,5045,B2B wholesale,True,True,True,0.02,0.0,0.0,above_20L,clean,Matched,R2,0.0,0.0,0.0,Accurate fee verified against R2.
TXN_000279,2026-08-17 04:42:32,2252.72,UPI,bank_UPI,,,5045,B2B wholesale,True,True,False,0.02,0.0,0.0,above_20L,clean,Matched,R1,0.0,0.0,0.0,Accurate fee verified against R1.
TXN_000280,2026-08-19 09:03:02,2448.55,UPI,RuPay_credit_UPI,433333.0,corporate,5045,B2B wholesale,True,True,False,0.02,36.73,6.61,above_20L,clean,Matched,R4,36.73,36.73,0.0,Accurate fee verified against R4.
TXN_000281,2026-08-24 13:25:53,2154.79,UPI,bank_UPI,,,5045,B2B wholesale,True,True,False,0.02,0.0,0.0,above_20L,clean,Matched,R1,0.0,0.0,0.0,Accurate fee verified against R1.
TXN_000282,2026-08-26 13:32:46,2227.27,UPI,RuPay_credit_UPI,433333.0,corporate,5045,B2B wholesale,True,True,False,0.02,33.41,6.01,above_20L,clean,Matched,R4,33.41,33.41,0.0,Accurate fee verified against R4.
TXN_000283,2026-08-23 04:37:55,28989.61,Card,RuPay_debit,607111.0,basic,5411,B2B wholesale,True,True,True,0.02,0.0,0.0,above_20L,R12_mcc_misclassification,Matched,R2,0.0,0.0,0.0,Accurate fee verified against R2.
TXN_000284,2026-08-19 05:47:51,2167.86,UPI,PPI_wallet_UPI,,,5045,B2B wholesale,True,True,False,0.02,23.85,4.29,above_20L,clean,Matched,R6c,23.85,23.85,0.0,Accurate fee verified against R6c.
TXN_000285,2026-08-27 14:18:33,2344.05,UPI,bank_UPI,,,5045,B2B wholesale,True,True,False,0.02,0.0,0.0,above_20L,clean,Matched,R1,0.0,0.0,0.0,Accurate fee verified against R1.
TXN_000286,2026-08-24 19:27:42,2418.49,UPI,bank_UPI,,,5045,B2B wholesale,True,True,False,0.02,0.0,0.0,above_20L,clean,Matched,R1,0.0,0.0,0.0,Accurate fee verified against R1.
TXN_000287,2026-08-23 06:18:20,54649.36,Card,RuPay_debit,411111.0,basic,5045,B2B wholesale,True,True,True,0.02,0.0,0.0,above_20L,clean,Matched,R2,0.0,0.0,0.0,Accurate fee verified against R2.
TXN_000288,2026-08-30 02:02:02,2407.81,UPI,bank_UPI,,,5045,B2B wholesale,True,True,False,0.02,0.0,0.0,above_20L,clean,Matched,R1,0.0,0.0,0.0,Accurate fee verified against R1.
TXN_000289,2026-08-23 09:50:34,13503.94,Card,Visa_credit,607222.0,corporate,5045,B2B wholesale,True,True,True,0.02,270.08,48.61,above_20L,clean,Flagged_For_Review,R9,270.08,270.08,0.0,Market credit card rate applied; requires bilateral MSA contract review.
TXN_000290,2026-08-28 04:58:00,2003.3,UPI,bank_UPI,,,5045,B2B wholesale,True,True,False,0.02,0.0,0.0,above_20L,clean,Matched,R1,0.0,0.0,0.0,Accurate fee verified against R1.
TXN_000291,2026-08-19 10:23:03,2167.23,UPI,bank_UPI,,,5045,B2B wholesale,True,True,False,0.02,0.0,0.0,above_20L,clean,Matched,R1,0.0,0.0,0.0,Accurate fee verified against R1.
TXN_000292,2026-08-21 21:07:36,2058.12,UPI,bank_UPI,,,5045,B2B wholesale,True,True,False,0.02,0.0,0.0,above_20L,clean,Matched,R1,0.0,0.0,0.0,Accurate fee verified against R1.
TXN_000293,2026-08-25 17:38:42,10961.81,Card,Debit_non_rupay,,,5411,B2B wholesale,True,True,True,0.02,98.66,17.76,above_20L,R12_mcc_misclassification,Matched,R8,98.66,98.66,0.0,Accurate fee verified against R8.
TXN_000294,2026-08-16 14:49:05,2249.98,UPI,bank_UPI,,,5045,B2B wholesale,True,True,False,0.02,0.0,0.0,above_20L,clean,Matched,R1,0.0,0.0,0.0,Accurate fee verified against R1.
TXN_000295,2026-08-25 11:57:44,19096.93,Card,Mastercard_credit,522222.0,premium_rewards,5045,B2B wholesale,True,True,True,0.02,381.94,68.75,above_20L,clean,Flagged_For_Review,R9,381.94,381.94,0.0,Market credit card rate applied; requires bilateral MSA contract review.
TXN_000296,2026-08-28 07:47:34,2314.04,UPI,bank_UPI,,,5045,B2B wholesale,True,True,False,0.02,0.0,0.0,above_20L,clean,Matched,R1,0.0,0.0,0.0,Accurate fee verified against R1.
TXN_000297,2026-08-23 03:12:58,60428.31,UPI,,,,5045,B2B wholesale,True,True,True,0.02,0.0,0.0,above_20L,exception_missing_tag,Exception,NONE,,0.0,,Missing sub_instrument routing tag; cannot verify applicable statutory MDR.
TXN_000298,2026-08-18 04:12:25,32285.5,Card,RuPay_debit,607111.0,basic,5045,B2B wholesale,True,True,True,0.02,0.0,0.0,above_20L,clean,Matched,R2,0.0,0.0,0.0,Accurate fee verified against R2.
TXN_000299,2026-08-15 20:42:33,49642.28,Card,,511111.0,basic,5045,B2B wholesale,True,True,True,0.02,0.0,0.0,above_20L,exception_missing_tag,Exception,NONE,,0.0,,Missing sub_instrument routing tag; cannot verify applicable statutory MDR.
TXN_000300,2026-08-23 17:08:29,2003.06,UPI,RuPay_credit_UPI,522222.0,premium_rewards,5045,B2B wholesale,True,True,False,0.02,30.05,5.41,above_20L,clean,Matched,R4,30.05,30.05,0.0,Accurate fee verified against R4.
TXN_000301,2026-08-18 13:46:16,2415.55,UPI,bank_UPI,,,5045,B2B wholesale,True,True,False,0.02,0.0,0.0,above_20L,clean,Matched,R1,0.0,0.0,0.0,Accurate fee verified against R1.
TXN_000302,2026-08-24 10:38:59,19869.68,UPI,bank_UPI,,,5045,B2B wholesale,True,True,True,0.02,0.0,0.0,above_20L,clean,Matched,R1,0.0,0.0,0.0,Accurate fee verified against R1.
TXN_000303,2026-08-20 19:33:59,2410.67,UPI,RuPay_credit_UPI,511111.0,basic,5045,B2B wholesale,True,True,False,0.02,36.16,6.51,above_20L,clean,Matched,R4,36.16,36.16,0.0,Accurate fee verified against R4.
TXN_000304,2026-08-27 21:45:48,2355.99,UPI,bank_UPI,,,5045,B2B wholesale,True,True,False,0.02,0.0,0.0,above_20L,clean,Matched,R1,0.0,0.0,0.0,Accurate fee verified against R1.
TXN_000305,2026-08-18 03:18:26,23977.12,Card,Mastercard_credit,607222.0,corporate,5045,B2B wholesale,True,True,True,0.02,479.54,86.32,above_20L,clean,Flagged_For_Review,R9,479.54,479.54,0.0,Market credit card rate applied; requires bilateral MSA contract review.
TXN_000306,2026-08-17 15:36:56,2209.06,UPI,bank_UPI,,,5045,B2B wholesale,True,True,False,0.02,0.0,0.0,above_20L,clean,Matched,R1,0.0,0.0,0.0,Accurate fee verified against R1.
TXN_000307,2026-08-21 01:23:44,25120.92,Card,Mastercard_credit,522222.0,premium_rewards,5045,B2B wholesale,True,True,True,0.02,502.42,90.44,above_20L,clean,Flagged_For_Review,R9,502.42,502.42,0.0,Market credit card rate applied; requires bilateral MSA contract review.
TXN_000308,2026-08-20 11:52:03,20502.61,UPI,bank_UPI,,,5045,B2B wholesale,True,True,True,0.02,0.0,0.0,above_20L,clean,Matched,R1,0.0,0.0,0.0,Accurate fee verified against R1.
TXN_000309,2026-08-27 15:41:41,58382.1,UPI,bank_UPI,,,5045,B2B wholesale,True,True,True,0.02,0.0,0.0,above_20L,clean,Matched,R1,0.0,0.0,0.0,Accurate fee verified against R1.
TXN_000310,2026-08-22 21:43:40,55175.38,UPI,bank_UPI,,,5045,B2B wholesale,True,True,True,0.02,0.0,0.0,above_20L,clean,Matched,R1,0.0,0.0,0.0,Accurate fee verified against R1.
TXN_000311,2026-08-30 04:07:33,2024.73,UPI,bank_UPI,,,5045,B2B wholesale,True,True,False,0.02,0.0,0.0,above_20L,clean,Matched,R1,0.0,0.0,0.0,Accurate fee verified against R1.
TXN_000312,2026-08-27 17:52:05,45133.52,UPI,PPI_wallet_UPI,,,5045,B2B wholesale,True,True,True,0.02,496.47,89.36,above_20L,clean,Matched,R6c,496.47,496.47,0.0,Accurate fee verified against R6c.
TXN_000313,2026-08-19 12:46:25,10916.98,UPI,RuPay_credit_UPI,522222.0,premium_rewards,5045,B2B wholesale,True,True,True,0.02,163.75,29.47,above_20L,clean,Matched,R4,163.75,163.75,0.0,Accurate fee verified against R4.
TXN_000314,2026-08-16 04:33:35,46958.22,Card,Mastercard_credit,511111.0,basic,5045,B2B wholesale,True,True,True,0.02,939.16,169.05,above_20L,clean,Flagged_For_Review,R9,939.16,939.16,0.0,Market credit card rate applied; requires bilateral MSA contract review.
TXN_000315,2026-08-23 16:42:11,32777.71,UPI,PPI_wallet_UPI,,,5045,B2B wholesale,True,True,True,0.02,360.55,64.9,above_20L,clean,Matched,R6c,360.55,360.55,0.0,Accurate fee verified against R6c.
TXN_000316,2026-08-27 04:24:12,2178.32,UPI,,,,5045,B2B wholesale,True,True,False,0.02,0.0,0.0,above_20L,exception_missing_tag,Exception,NONE,,0.0,,Missing sub_instrument routing tag; cannot verify applicable statutory MDR.
TXN_000317,2026-08-22 16:17:07,39252.65,Card,,,,5045,B2B wholesale,True,True,True,0.02,353.27,63.59,above_20L,exception_missing_tag,Exception,NONE,,353.27,,Missing sub_instrument routing tag; cannot verify applicable statutory MDR.
TXN_000318,2026-08-27 23:05:39,16934.37,UPI,bank_UPI,,,5045,B2B wholesale,True,True,True,0.02,0.0,0.0,above_20L,clean,Matched,R1,0.0,0.0,0.0,Accurate fee verified against R1.
TXN_000319,2026-08-24 03:30:04,25996.67,Card,RuPay_debit,433333.0,corporate,5045,B2B wholesale,False,False,True,0.02,207.97,37.43,above_20L,R10_l2_l3_downgrade,Leaked,R10,519.93,207.97,-311.96,"Statutory disparity against R10: expected Rs 519.93, charged Rs 207.97."
TXN_000320,2026-08-23 02:13:54,14102.19,UPI,RuPay_credit_UPI,433333.0,corporate,5411,B2B wholesale,True,True,True,0.02,211.53,38.08,above_20L,R12_mcc_misclassification,Matched,R4,211.53,211.53,0.0,Accurate fee verified against R4.
TXN_000321,2026-08-27 04:13:27,44940.52,Card,RuPay_debit,511111.0,basic,5045,B2B wholesale,True,True,True,0.02,0.0,0.0,above_20L,clean,Matched,R2,0.0,0.0,0.0,Accurate fee verified against R2.
TXN_000322,2026-08-17 06:24:04,50768.65,UPI,RuPay_credit_UPI,511111.0,basic,5045,B2B wholesale,True,True,True,0.02,761.53,137.08,above_20L,clean,Matched,R4,761.53,761.53,0.0,Accurate fee verified against R4.
TXN_000323,2026-08-15 10:50:48,2073.19,UPI,bank_UPI,,,5045,B2B wholesale,True,True,False,0.02,0.0,0.0,above_20L,clean,Matched,R1,0.0,0.0,0.0,Accurate fee verified against R1.
TXN_000324,2026-08-21 14:11:24,2235.99,UPI,bank_UPI,,,5411,B2B wholesale,True,True,False,0.02,0.0,0.0,above_20L,R12_mcc_misclassification,Matched,R1,0.0,0.0,0.0,Accurate fee verified against R1.
TXN_000325,2026-08-19 05:43:20,2074.18,UPI,bank_UPI,,,5045,B2B wholesale,True,True,False,0.02,0.0,0.0,above_20L,clean,Matched,R1,0.0,0.0,0.0,Accurate fee verified against R1.
TXN_000326,2026-08-22 07:28:26,2131.48,UPI,bank_UPI,,,5045,B2B wholesale,True,True,False,0.02,0.0,0.0,above_20L,clean,Matched,R1,0.0,0.0,0.0,Accurate fee verified against R1.
TXN_000327,2026-08-16 11:24:55,17720.36,Card,RuPay_debit,522222.0,premium_rewards,5045,B2B wholesale,True,True,True,0.02,0.0,0.0,above_20L,clean,Matched,R2,0.0,0.0,0.0,Accurate fee verified against R2.
TXN_000328,2026-08-22 05:03:22,2084.05,UPI,PPI_wallet_UPI,,,5045,B2B wholesale,True,True,False,0.02,22.92,4.13,above_20L,clean,Matched,R6c,22.92,22.92,0.0,Accurate fee verified against R6c.
TXN_000329,2026-08-26 17:06:35,5331.85,UPI,bank_UPI,,,5045,B2B wholesale,True,True,False,0.02,0.0,0.0,above_20L,clean,Matched,R1,0.0,0.0,0.0,Accurate fee verified against R1.
TXN_000330,2026-08-15 16:22:14,2312.89,UPI,bank_UPI,,,5045,B2B wholesale,True,True,False,0.02,0.0,0.0,above_20L,clean,Matched,R1,0.0,0.0,0.0,Accurate fee verified against R1.
TXN_000331,2026-08-26 02:35:56,2282.06,UPI,PPI_wallet_UPI,,,5045,B2B wholesale,True,True,False,0.02,25.1,4.52,above_20L,clean,Matched,R6c,25.1,25.1,0.0,Accurate fee verified against R6c.
TXN_000332,2026-08-22 04:45:31,2286.87,UPI,bank_UPI,,,5045,B2B wholesale,True,True,False,0.02,0.0,0.0,above_20L,clean,Matched,R1,0.0,0.0,0.0,Accurate fee verified against R1.
TXN_000333,2026-08-26 22:25:08,2072.52,UPI,bank_UPI,,,5045,B2B wholesale,True,True,False,0.02,0.0,0.0,above_20L,clean,Matched,R1,0.0,0.0,0.0,Accurate fee verified against R1.
TXN_000334,2026-08-23 08:06:32,4962.32,UPI,bank_UPI,,,5045,B2B wholesale,True,True,False,0.02,0.0,0.0,above_20L,clean,Matched,R1,0.0,0.0,0.0,Accurate fee verified against R1.
TXN_000335,2026-08-26 18:28:29,55629.6,Card,RuPay_debit,422222.0,premium_rewards,5411,B2B wholesale,True,True,True,0.02,0.0,0.0,above_20L,R12_mcc_misclassification,Matched,R2,0.0,0.0,0.0,Accurate fee verified against R2.
TXN_000336,2026-08-22 10:21:34,2210.2,UPI,RuPay_credit_UPI,607111.0,basic,5411,B2B wholesale,True,True,False,0.02,33.15,5.97,above_20L,R12_mcc_misclassification,Matched,R4,33.15,33.15,0.0,Accurate fee verified against R4.
TXN_000337,2026-08-19 14:40:34,24092.86,UPI,bank_UPI,,,5045,B2B wholesale,True,True,True,0.02,0.0,0.0,above_20L,clean,Matched,R1,0.0,0.0,0.0,Accurate fee verified against R1.
TXN_000338,2026-08-29 15:58:17,10327.77,UPI,bank_UPI,,,5045,B2B wholesale,True,True,True,0.02,0.0,0.0,above_20L,clean,Matched,R1,0.0,0.0,0.0,Accurate fee verified against R1.
TXN_000339,2026-08-16 13:34:30,62957.97,Card,RuPay_debit,533333.0,corporate,5045,B2B wholesale,True,True,True,0.02,0.0,0.0,above_20L,clean,Matched,R2,0.0,0.0,0.0,Accurate fee verified against R2.
TXN_000340,2026-08-29 02:07:06,57671.76,Card,RuPay_debit,511111.0,basic,5045,B2B wholesale,True,True,True,0.02,0.0,0.0,above_20L,clean,Matched,R2,0.0,0.0,0.0,Accurate fee verified against R2.
TXN_000341,2026-08-19 03:20:06,2381.95,UPI,bank_UPI,,,5411,B2B wholesale,True,True,False,0.02,0.0,0.0,above_20L,R12_mcc_misclassification,Matched,R1,0.0,0.0,0.0,Accurate fee verified against R1.
TXN_000342,2026-08-26 08:31:52,2127.59,UPI,bank_UPI,,,5411,B2B wholesale,True,True,False,0.02,0.0,0.0,above_20L,R12_mcc_misclassification,Matched,R1,0.0,0.0,0.0,Accurate fee verified against R1.
TXN_000343,2026-08-25 23:49:28,2132.89,UPI,bank_UPI,,,5045,B2B wholesale,True,True,False,0.02,0.0,0.0,above_20L,clean,Matched,R1,0.0,0.0,0.0,Accurate fee verified against R1.
TXN_000344,2026-08-24 04:18:13,54738.12,UPI,bank_UPI,,,5045,B2B wholesale,True,True,True,0.02,0.0,0.0,above_20L,clean,Matched,R1,0.0,0.0,0.0,Accurate fee verified against R1.
TXN_000345,2026-08-23 03:47:40,2115.69,UPI,PPI_wallet_UPI,,,5411,B2B wholesale,True,True,False,0.02,23.27,4.19,above_20L,R12_mcc_misclassification,Leaked,R6b,19.04,23.27,4.23,"Statutory disparity against R6b: expected Rs 19.04, charged Rs 23.27."
TXN_000346,2026-08-26 18:38:46,59215.63,UPI,PPI_wallet_UPI,,,5045,B2B wholesale,True,True,True,0.02,651.37,117.25,above_20L,clean,Matched,R6c,651.37,651.37,0.0,Accurate fee verified against R6c.
TXN_000347,2026-08-17 01:04:48,2306.7,UPI,bank_UPI,,,5045,B2B wholesale,True,True,False,0.02,0.0,0.0,above_20L,clean,Matched,R1,0.0,0.0,0.0,Accurate fee verified against R1.
TXN_000348,2026-08-21 18:55:11,2075.43,UPI,bank_UPI,,,5045,B2B wholesale,True,True,False,0.02,0.0,0.0,above_20L,clean,Matched,R1,0.0,0.0,0.0,Accurate fee verified against R1.
TXN_000349,2026-08-29 17:58:19,2061.68,UPI,bank_UPI,,,5411,B2B wholesale,True,True,False,0.02,0.0,0.0,above_20L,R12_mcc_misclassification,Matched,R1,0.0,0.0,0.0,Accurate fee verified against R1.
TXN_000350,2026-08-16 20:49:06,2261.85,UPI,RuPay_credit_UPI,607111.0,basic,5045,B2B wholesale,True,True,False,0.02,33.93,6.11,above_20L,clean,Matched,R4,33.93,33.93,0.0,Accurate fee verified against R4.
TXN_000351,2026-08-28 20:22:06,2028.68,UPI,bank_UPI,,,5045,B2B wholesale,True,True,False,0.02,0.0,0.0,above_20L,clean,Matched,R1,0.0,0.0,0.0,Accurate fee verified against R1.
TXN_000352,2026-08-21 23:16:06,57127.95,UPI,,,,5045,B2B wholesale,True,True,True,0.02,0.0,0.0,above_20L,exception_missing_tag,Exception,NONE,,0.0,,Missing sub_instrument routing tag; cannot verify applicable statutory MDR.
TXN_000353,2026-08-20 23:30:50,40358.3,UPI,bank_UPI,,,5045,B2B wholesale,True,True,True,0.02,0.0,0.0,above_20L,clean,Matched,R1,0.0,0.0,0.0,Accurate fee verified against R1.
TXN_000354,2026-08-25 21:49:30,43684.18,Card,Visa_credit,433333.0,corporate,5045,B2B wholesale,True,True,True,0.02,873.68,157.26,above_20L,clean,Flagged_For_Review,R9,873.68,873.68,0.0,Market credit card rate applied; requires bilateral MSA contract review.
TXN_000355,2026-08-29 00:48:15,63263.93,Card,RuPay_debit,411111.0,basic,5045,B2B wholesale,True,True,True,0.02,0.0,0.0,above_20L,clean,Matched,R2,0.0,0.0,0.0,Accurate fee verified against R2.
TXN_000356,2026-08-21 23:27:16,2306.83,UPI,bank_UPI,,,5045,B2B wholesale,True,True,False,0.02,0.0,0.0,above_20L,clean,Matched,R1,0.0,0.0,0.0,Accurate fee verified against R1.
TXN_000357,2026-08-16 09:38:04,5691.6,Card,RuPay_debit,511111.0,basic,5045,B2B wholesale,True,True,False,0.02,0.0,0.0,above_20L,clean,Matched,R2,0.0,0.0,0.0,Accurate fee verified against R2.
TXN_000358,2026-08-16 00:01:03,2279.21,UPI,,,,5045,B2B wholesale,True,True,False,0.02,0.0,0.0,above_20L,exception_missing_tag,Exception,NONE,,0.0,,Missing sub_instrument routing tag; cannot verify applicable statutory MDR.
TXN_000359,2026-08-18 11:48:32,35666.2,UPI,bank_UPI,,,5411,B2B wholesale,True,True,True,0.02,0.0,0.0,above_20L,R12_mcc_misclassification,Matched,R1,0.0,0.0,0.0,Accurate fee verified against R1.
TXN_000360,2026-08-28 20:55:48,61097.29,UPI,bank_UPI,,,5045,B2B wholesale,True,True,True,0.02,0.0,0.0,above_20L,clean,Matched,R1,0.0,0.0,0.0,Accurate fee verified against R1.
TXN_000361,2026-08-18 02:10:24,25083.31,UPI,bank_UPI,,,5411,B2B wholesale,True,True,True,0.02,0.0,0.0,above_20L,R12_mcc_misclassification,Matched,R1,0.0,0.0,0.0,Accurate fee verified against R1.
TXN_000362,2026-08-24 16:54:28,37455.93,UPI,bank_UPI,,,5045,B2B wholesale,True,True,True,0.02,0.0,0.0,above_20L,clean,Matched,R1,0.0,0.0,0.0,Accurate fee verified against R1.
TXN_000363,2026-08-29 09:43:29,54040.45,UPI,RuPay_credit_UPI,422222.0,premium_rewards,5045,B2B wholesale,True,True,True,0.02,810.61,145.91,above_20L,clean,Matched,R4,810.61,810.61,0.0,Accurate fee verified against R4.
TXN_000364,2026-08-15 09:13:18,2049.96,UPI,RuPay_credit_UPI,607111.0,basic,5045,B2B wholesale,True,True,False,0.02,30.75,5.54,above_20L,clean,Matched,R4,30.75,30.75,0.0,Accurate fee verified against R4.
TXN_000365,2026-08-19 00:30:34,57600.65,UPI,bank_UPI,,,5045,B2B wholesale,True,True,True,0.02,0.0,0.0,above_20L,clean,Matched,R1,0.0,0.0,0.0,Accurate fee verified against R1.
TXN_000366,2026-08-19 11:30:01,52823.77,Card,RuPay_debit,522222.0,premium_rewards,5045,B2B wholesale,True,True,True,0.02,0.0,0.0,above_20L,clean,Matched,R2,0.0,0.0,0.0,Accurate fee verified against R2.
TXN_000367,2026-08-25 06:52:43,2415.58,UPI,bank_UPI,,,5045,B2B wholesale,True,True,False,0.02,0.0,0.0,above_20L,clean,Matched,R1,0.0,0.0,0.0,Accurate fee verified against R1.
TXN_000368,2026-08-24 10:13:40,32242.22,UPI,bank_UPI,,,5045,B2B wholesale,True,True,True,0.02,0.0,0.0,above_20L,clean,Matched,R1,0.0,0.0,0.0,Accurate fee verified against R1.
TXN_000369,2026-08-20 04:13:38,60746.07,Card,RuPay_debit,607111.0,basic,5045,B2B wholesale,True,True,True,0.02,0.0,0.0,above_20L,clean,Matched,R2,0.0,0.0,0.0,Accurate fee verified against R2.
TXN_000370,2026-08-23 03:42:33,49278.54,Card,RuPay_debit,411111.0,basic,5045,B2B wholesale,True,True,True,0.02,0.0,0.0,above_20L,clean,Matched,R2,0.0,0.0,0.0,Accurate fee verified against R2.
TXN_000371,2026-08-28 13:30:39,21271.95,Card,,,,5045,B2B wholesale,True,True,True,0.02,191.45,34.46,above_20L,exception_missing_tag,Exception,NONE,,191.45,,Missing sub_instrument routing tag; cannot verify applicable statutory MDR.
TXN_000372,2026-08-21 21:52:53,9768.51,UPI,bank_UPI,,,5045,B2B wholesale,True,True,False,0.02,0.0,0.0,above_20L,clean,Matched,R1,0.0,0.0,0.0,Accurate fee verified against R1.
TXN_000373,2026-08-18 10:39:22,24114.36,UPI,RuPay_credit_UPI,533333.0,corporate,5045,B2B wholesale,True,True,True,0.02,361.72,65.11,above_20L,clean,Matched,R4,361.72,361.72,0.0,Accurate fee verified against R4.
TXN_000374,2026-08-20 11:32:28,18387.23,UPI,bank_UPI,,,5045,B2B wholesale,True,True,True,0.02,0.0,0.0,above_20L,clean,Matched,R1,0.0,0.0,0.0,Accurate fee verified against R1.
TXN_000375,2026-08-20 08:38:59,2390.53,UPI,PPI_wallet_UPI,,,5045,B2B wholesale,True,True,False,0.02,26.3,4.73,above_20L,clean,Matched,R6c,26.3,26.3,0.0,Accurate fee verified against R6c.
TXN_000376,2026-08-17 19:50:09,2245.38,UPI,PPI_wallet_UPI,,,5045,B2B wholesale,True,True,False,0.02,24.7,4.45,above_20L,clean,Matched,R6c,24.7,24.7,0.0,Accurate fee verified against R6c.
TXN_000377,2026-08-21 02:44:01,2053.54,UPI,RuPay_credit_UPI,422222.0,premium_rewards,5045,B2B wholesale,True,True,False,0.02,30.8,5.54,above_20L,clean,Matched,R4,30.8,30.8,0.0,Accurate fee verified against R4.
TXN_000378,2026-08-29 02:09:04,45700.31,Card,RuPay_debit,422222.0,premium_rewards,5045,B2B wholesale,True,True,True,0.02,0.0,0.0,above_20L,clean,Matched,R2,0.0,0.0,0.0,Accurate fee verified against R2.
TXN_000379,2026-08-20 23:54:37,2409.43,UPI,bank_UPI,,,5045,B2B wholesale,True,True,False,0.02,0.0,0.0,above_20L,clean,Matched,R1,0.0,0.0,0.0,Accurate fee verified against R1.
TXN_000380,2026-08-25 02:50:29,7191.35,Card,Debit_non_rupay,,,5045,B2B wholesale,True,True,False,0.02,64.72,11.65,above_20L,clean,Matched,R8,64.72,64.72,0.0,Accurate fee verified against R8.
TXN_000381,2026-08-18 07:50:34,32970.11,UPI,PPI_wallet_UPI,,,5045,B2B wholesale,True,True,True,0.02,362.67,65.28,above_20L,clean,Matched,R6c,362.67,362.67,0.0,Accurate fee verified against R6c.
TXN_000382,2026-08-17 23:45:14,27287.8,UPI,bank_UPI,,,5045,B2B wholesale,True,True,True,0.02,0.0,0.0,above_20L,clean,Matched,R1,0.0,0.0,0.0,Accurate fee verified against R1.
TXN_000383,2026-08-18 21:52:12,2276.0,UPI,bank_UPI,,,5045,B2B wholesale,True,True,False,0.02,0.0,0.0,above_20L,clean,Matched,R1,0.0,0.0,0.0,Accurate fee verified against R1.
TXN_000384,2026-08-26 18:01:37,2098.81,UPI,bank_UPI,,,5045,B2B wholesale,True,True,False,0.02,0.0,0.0,above_20L,clean,Matched,R1,0.0,0.0,0.0,Accurate fee verified against R1.
TXN_000385,2026-08-25 01:16:49,24833.2,Card,Mastercard_credit,411111.0,basic,5045,B2B wholesale,True,True,True,0.02,496.66,89.4,above_20L,clean,Flagged_For_Review,R9,496.66,496.66,0.0,Market credit card rate applied; requires bilateral MSA contract review.
TXN_000386,2026-08-18 09:21:43,52009.72,UPI,bank_UPI,,,5045,B2B wholesale,True,True,True,0.02,0.0,0.0,above_20L,clean,Matched,R1,0.0,0.0,0.0,Accurate fee verified against R1.
TXN_000387,2026-08-26 23:06:07,14361.09,UPI,RuPay_credit_UPI,607111.0,basic,5045,B2B wholesale,True,True,True,0.02,215.42,38.78,above_20L,clean,Matched,R4,215.42,215.42,0.0,Accurate fee verified against R4.
TXN_000388,2026-08-27 18:13:51,2261.79,UPI,bank_UPI,,,5045,B2B wholesale,True,True,False,0.02,0.0,0.0,above_20L,clean,Matched,R1,0.0,0.0,0.0,Accurate fee verified against R1.
TXN_000389,2026-08-25 07:05:03,2321.34,UPI,bank_UPI,,,5045,B2B wholesale,True,True,False,0.02,0.0,0.0,above_20L,clean,Matched,R1,0.0,0.0,0.0,Accurate fee verified against R1.
TXN_000390,2026-08-26 23:29:54,2273.18,UPI,bank_UPI,,,5045,B2B wholesale,True,True,False,0.02,0.0,0.0,above_20L,clean,Matched,R1,0.0,0.0,0.0,Accurate fee verified against R1.
TXN_000391,2026-08-23 18:15:00,2274.48,UPI,bank_UPI,,,5045,B2B wholesale,True,True,False,0.02,0.0,0.0,above_20L,clean,Matched,R1,0.0,0.0,0.0,Accurate fee verified against R1.
TXN_000392,2026-08-26 13:39:45,32485.17,UPI,RuPay_credit_UPI,522222.0,premium_rewards,5045,B2B wholesale,True,True,True,0.02,487.28,87.71,above_20L,clean,Matched,R4,487.28,487.28,0.0,Accurate fee verified against R4.
TXN_000393,2026-08-29 23:24:03,31376.27,UPI,bank_UPI,,,5045,B2B wholesale,True,True,True,0.02,0.0,0.0,above_20L,clean,Matched,R1,0.0,0.0,0.0,Accurate fee verified against R1.
TXN_000394,2026-08-19 02:12:07,59094.23,Card,RuPay_debit,433333.0,corporate,5045,B2B wholesale,True,True,True,0.02,0.0,0.0,above_20L,clean,Matched,R2,0.0,0.0,0.0,Accurate fee verified against R2.
TXN_000395,2026-08-19 05:39:02,19061.09,UPI,bank_UPI,,,5045,B2B wholesale,True,True,True,0.02,0.0,0.0,above_20L,clean,Matched,R1,0.0,0.0,0.0,Accurate fee verified against R1.
TXN_000396,2026-08-15 16:25:46,15820.81,UPI,bank_UPI,,,5045,B2B wholesale,True,True,True,0.02,0.0,0.0,above_20L,clean,Matched,R1,0.0,0.0,0.0,Accurate fee verified against R1.
TXN_000397,2026-08-23 00:05:59,9426.5,Card,Mastercard_credit,511111.0,basic,5045,B2B wholesale,True,True,False,0.02,188.53,33.94,above_20L,clean,Flagged_For_Review,R9,188.53,188.53,0.0,Market credit card rate applied; requires bilateral MSA contract review.
TXN_000398,2026-08-22 04:46:46,47934.65,UPI,bank_UPI,,,5045,B2B wholesale,True,True,True,0.02,0.0,0.0,above_20L,clean,Matched,R1,0.0,0.0,0.0,Accurate fee verified against R1.
TXN_000399,2026-08-26 07:41:15,2106.26,UPI,bank_UPI,,,5045,B2B wholesale,True,True,False,0.02,0.0,0.0,above_20L,clean,Matched,R1,0.0,0.0,0.0,Accurate fee verified against R1.
TXN_000400,2026-08-30 00:34:30,2235.01,UPI,RuPay_credit_UPI,411111.0,basic,5045,B2B wholesale,True,True,False,0.02,33.53,6.04,above_20L,clean,Matched,R4,33.53,33.53,0.0,Accurate fee verified against R4.
TXN_000401,2026-08-18 15:14:24,2255.66,UPI,bank_UPI,,,5045,B2B wholesale,True,True,False,0.02,0.0,0.0,above_20L,clean,Matched,R1,0.0,0.0,0.0,Accurate fee verified against R1.
TXN_000402,2026-08-30 06:10:59,2328.82,UPI,bank_UPI,,,5045,B2B wholesale,True,True,False,0.02,0.0,0.0,above_20L,clean,Matched,R1,0.0,0.0,0.0,Accurate fee verified against R1.
TXN_000403,2026-08-18 07:51:50,34342.05,Card,Mastercard_credit,411111.0,basic,5045,B2B wholesale,True,True,True,0.02,686.84,123.63,above_20L,clean,Flagged_For_Review,R9,686.84,686.84,0.0,Market credit card rate applied; requires bilateral MSA contract review.
TXN_000404,2026-08-22 14:26:09,29209.29,Card,Visa_credit,607111.0,basic,5045,B2B wholesale,True,True,True,0.02,584.19,105.15,above_20L,clean,Flagged_For_Review,R9,584.19,584.19,0.0,Market credit card rate applied; requires bilateral MSA contract review.
TXN_000405,2026-08-28 02:04:19,30160.83,UPI,bank_UPI,,,5045,B2B wholesale,True,True,True,0.02,0.0,0.0,above_20L,clean,Matched,R1,0.0,0.0,0.0,Accurate fee verified against R1.
TXN_000406,2026-08-24 10:01:44,27630.76,Card,RuPay_debit,607222.0,corporate,5045,B2B wholesale,True,True,True,0.02,0.0,0.0,above_20L,clean,Matched,R2,0.0,0.0,0.0,Accurate fee verified against R2.
TXN_000407,2026-08-24 06:35:03,49170.7,Card,RuPay_debit,607222.0,corporate,5045,B2B wholesale,True,True,True,0.02,0.0,0.0,above_20L,clean,Matched,R2,0.0,0.0,0.0,Accurate fee verified against R2.
TXN_000408,2026-08-28 22:56:58,2065.15,UPI,bank_UPI,,,5045,B2B wholesale,True,True,False,0.02,0.0,0.0,above_20L,clean,Matched,R1,0.0,0.0,0.0,Accurate fee verified against R1.
TXN_000409,2026-08-23 16:25:51,10720.74,UPI,bank_UPI,,,5411,B2B wholesale,True,True,True,0.02,0.0,0.0,above_20L,R12_mcc_misclassification,Matched,R1,0.0,0.0,0.0,Accurate fee verified against R1.
TXN_000410,2026-08-30 08:46:24,2393.4,UPI,bank_UPI,,,5045,B2B wholesale,True,True,False,0.02,0.0,0.0,above_20L,clean,Matched,R1,0.0,0.0,0.0,Accurate fee verified against R1.
TXN_000411,2026-08-26 17:27:14,27538.63,UPI,,422222.0,premium_rewards,5045,B2B wholesale,True,True,True,0.02,413.08,74.35,above_20L,exception_missing_tag,Exception,NONE,,413.08,,Missing sub_instrument routing tag; cannot verify applicable statutory MDR.
TXN_000412,2026-08-17 16:36:12,7305.97,Card,RuPay_debit,522222.0,premium_rewards,5045,B2B wholesale,True,True,False,0.02,0.0,0.0,above_20L,clean,Matched,R2,0.0,0.0,0.0,Accurate fee verified against R2.
TXN_000413,2026-08-20 06:10:40,20650.57,UPI,bank_UPI,,,5045,B2B wholesale,True,True,True,0.02,0.0,0.0,above_20L,clean,Matched,R1,0.0,0.0,0.0,Accurate fee verified against R1.
TXN_000414,2026-08-16 03:01:59,56406.88,Card,,533333.0,corporate,5045,B2B wholesale,True,True,True,0.02,0.0,0.0,above_20L,exception_missing_tag,Exception,NONE,,0.0,,Missing sub_instrument routing tag; cannot verify applicable statutory MDR.
TXN_000415,2026-08-30 01:10:44,2286.92,UPI,bank_UPI,,,5045,B2B wholesale,True,True,False,0.02,0.0,0.0,above_20L,clean,Matched,R1,0.0,0.0,0.0,Accurate fee verified against R1.
TXN_000416,2026-08-16 15:40:13,61253.2,Card,,411111.0,basic,5045,B2B wholesale,True,True,True,0.02,1225.06,220.51,above_20L,exception_missing_tag,Exception,NONE,,1225.06,,Missing sub_instrument routing tag; cannot verify applicable statutory MDR.
TXN_000417,2026-08-28 15:51:32,2219.06,UPI,bank_UPI,,,5411,B2B wholesale,True,True,False,0.02,0.0,0.0,above_20L,R12_mcc_misclassification,Matched,R1,0.0,0.0,0.0,Accurate fee verified against R1.
TXN_000418,2026-08-18 05:55:56,2133.89,UPI,PPI_wallet_UPI,,,5411,B2B wholesale,True,True,False,0.02,23.47,4.22,above_20L,R12_mcc_misclassification,Leaked,R6b,19.21,23.47,4.26,"Statutory disparity against R6b: expected Rs 19.21, charged Rs 23.47."
TXN_000419,2026-08-17 16:47:24,51270.25,UPI,bank_UPI,,,5411,B2B wholesale,True,True,True,0.02,0.0,0.0,above_20L,R12_mcc_misclassification,Matched,R1,0.0,0.0,0.0,Accurate fee verified against R1.
TXN_000420,2026-08-16 15:02:10,2423.24,UPI,bank_UPI,,,5411,B2B wholesale,True,True,False,0.02,0.0,0.0,above_20L,R12_mcc_misclassification,Matched,R1,0.0,0.0,0.0,Accurate fee verified against R1.
TXN_000421,2026-08-24 08:56:42,2239.1,UPI,bank_UPI,,,5045,B2B wholesale,True,True,False,0.02,0.0,0.0,above_20L,clean,Matched,R1,0.0,0.0,0.0,Accurate fee verified against R1.
TXN_000422,2026-08-25 15:46:38,20865.46,UPI,PPI_wallet_UPI,,,5045,B2B wholesale,True,True,True,0.02,229.52,41.31,above_20L,clean,Matched,R6c,229.52,229.52,0.0,Accurate fee verified against R6c.
TXN_000423,2026-08-21 06:35:00,2301.09,UPI,bank_UPI,,,5045,B2B wholesale,True,True,False,0.02,0.0,0.0,above_20L,clean,Matched,R1,0.0,0.0,0.0,Accurate fee verified against R1.
TXN_000424,2026-08-29 02:24:08,2225.47,UPI,RuPay_credit_UPI,433333.0,corporate,5045,B2B wholesale,True,True,False,0.02,33.38,6.01,above_20L,clean,Matched,R4,33.38,33.38,0.0,Accurate fee verified against R4.
TXN_000425,2026-08-20 00:05:01,49632.37,Card,RuPay_debit,607222.0,corporate,5045,B2B wholesale,True,True,True,0.02,0.0,0.0,above_20L,clean,Matched,R2,0.0,0.0,0.0,Accurate fee verified against R2.
TXN_000426,2026-08-16 21:41:08,2284.68,UPI,PPI_wallet_UPI,,,5045,B2B wholesale,True,True,False,0.02,25.13,4.52,above_20L,clean,Matched,R6c,25.13,25.13,0.0,Accurate fee verified against R6c.
TXN_000427,2026-08-17 07:48:25,2150.08,UPI,RuPay_credit_UPI,422222.0,premium_rewards,5045,B2B wholesale,True,True,False,0.02,32.25,5.8,above_20L,clean,Matched,R4,32.25,32.25,0.0,Accurate fee verified against R4.
TXN_000428,2026-08-27 13:57:45,29290.8,UPI,bank_UPI,,,5045,B2B wholesale,True,True,True,0.02,0.0,0.0,above_20L,clean,Matched,R1,0.0,0.0,0.0,Accurate fee verified against R1.
TXN_000429,2026-08-29 08:24:11,55582.13,UPI,bank_UPI,,,5045,B2B wholesale,True,True,True,0.02,0.0,0.0,above_20L,clean,Matched,R1,0.0,0.0,0.0,Accurate fee verified against R1.
TXN_000430,2026-08-18 22:41:35,11977.11,Card,RuPay_debit,411111.0,basic,5045,B2B wholesale,True,True,True,0.02,0.0,0.0,above_20L,clean,Matched,R2,0.0,0.0,0.0,Accurate fee verified against R2.
TXN_000431,2026-08-26 09:50:07,4784.74,Card,RuPay_debit,422222.0,premium_rewards,5045,B2B wholesale,True,True,False,0.02,0.0,0.0,above_20L,clean,Matched,R2,0.0,0.0,0.0,Accurate fee verified against R2.
TXN_000432,2026-08-27 02:52:01,36453.78,Card,Visa_credit,533333.0,corporate,5045,B2B wholesale,True,True,True,0.02,729.08,131.23,above_20L,clean,Flagged_For_Review,R9,729.08,729.08,0.0,Market credit card rate applied; requires bilateral MSA contract review.
TXN_000433,2026-08-21 02:56:14,60802.08,Card,Mastercard_credit,607111.0,basic,5045,B2B wholesale,True,True,True,0.02,1216.04,218.89,above_20L,clean,Flagged_For_Review,R9,1216.04,1216.04,0.0,Market credit card rate applied; requires bilateral MSA contract review.
TXN_000434,2026-08-27 22:29:35,38970.56,UPI,PPI_wallet_UPI,,,5045,B2B wholesale,True,True,True,0.02,428.68,77.16,above_20L,clean,Matched,R6c,428.68,428.68,0.0,Accurate fee verified against R6c.
TXN_000435,2026-08-21 18:36:15,10077.87,UPI,bank_UPI,,,5045,B2B wholesale,True,True,True,0.02,0.0,0.0,above_20L,clean,Matched,R1,0.0,0.0,0.0,Accurate fee verified against R1.
TXN_000436,2026-08-19 04:43:51,2107.88,UPI,bank_UPI,,,5045,B2B wholesale,True,True,False,0.02,0.0,0.0,above_20L,clean,Matched,R1,0.0,0.0,0.0,Accurate fee verified against R1.
TXN_000437,2026-08-24 15:29:49,13878.73,Card,RuPay_debit,433333.0,corporate,5045,B2B wholesale,True,True,True,0.02,0.0,0.0,above_20L,clean,Matched,R2,0.0,0.0,0.0,Accurate fee verified against R2.
TXN_000438,2026-08-21 14:12:19,2265.02,UPI,RuPay_credit_UPI,607111.0,basic,5045,B2B wholesale,True,True,False,0.02,33.98,6.12,above_20L,clean,Matched,R4,33.98,33.98,0.0,Accurate fee verified against R4.
TXN_000439,2026-08-25 01:11:09,52660.74,Card,RuPay_debit,422222.0,premium_rewards,5045,B2B wholesale,True,True,True,0.02,0.0,0.0,above_20L,clean,Matched,R2,0.0,0.0,0.0,Accurate fee verified against R2.
TXN_000440,2026-08-27 16:43:02,2378.07,UPI,bank_UPI,,,5045,B2B wholesale,True,True,False,0.02,0.0,0.0,above_20L,clean,Matched,R1,0.0,0.0,0.0,Accurate fee verified against R1.
TXN_000441,2026-08-16 00:13:03,9854.1,UPI,,,,5045,B2B wholesale,True,True,False,0.02,0.0,0.0,above_20L,exception_missing_tag,Exception,NONE,,0.0,,Missing sub_instrument routing tag; cannot verify applicable statutory MDR.
TXN_000442,2026-08-17 12:32:51,2133.99,UPI,bank_UPI,,,5411,B2B wholesale,True,True,False,0.02,0.0,0.0,above_20L,R12_mcc_misclassification,Matched,R1,0.0,0.0,0.0,Accurate fee verified against R1.
TXN_000443,2026-08-29 06:07:08,2200.38,UPI,bank_UPI,,,5045,B2B wholesale,True,True,False,0.02,0.0,0.0,above_20L,clean,Matched,R1,0.0,0.0,0.0,Accurate fee verified against R1.
TXN_000444,2026-08-24 04:17:58,2058.47,UPI,PPI_wallet_UPI,,,5045,B2B wholesale,True,True,False,0.02,22.64,4.08,above_20L,clean,Matched,R6c,22.64,22.64,0.0,Accurate fee verified against R6c.
TXN_000445,2026-08-21 22:59:39,2010.72,UPI,bank_UPI,,,5045,B2B wholesale,True,True,False,0.02,0.0,0.0,above_20L,clean,Matched,R1,0.0,0.0,0.0,Accurate fee verified against R1.
TXN_000446,2026-08-24 01:57:01,2215.18,UPI,bank_UPI,,,5045,B2B wholesale,True,True,False,0.02,0.0,0.0,above_20L,clean,Matched,R1,0.0,0.0,0.0,Accurate fee verified against R1.
TXN_000447,2026-08-16 04:00:32,26487.59,Card,RuPay_debit,533333.0,corporate,5045,B2B wholesale,True,True,True,0.02,0.0,0.0,above_20L,clean,Matched,R2,0.0,0.0,0.0,Accurate fee verified against R2.
TXN_000448,2026-08-26 23:18:11,15280.26,UPI,bank_UPI,,,5411,B2B wholesale,True,True,True,0.02,0.0,0.0,above_20L,R12_mcc_misclassification,Matched,R1,0.0,0.0,0.0,Accurate fee verified against R1.
TXN_000449,2026-08-27 13:56:32,29253.88,UPI,bank_UPI,,,5045,B2B wholesale,True,True,True,0.02,0.0,0.0,above_20L,clean,Matched,R1,0.0,0.0,0.0,Accurate fee verified against R1.
TXN_000450,2026-08-21 02:04:15,27638.17,Card,RuPay_debit,422222.0,premium_rewards,5045,B2B wholesale,True,True,True,0.02,0.0,0.0,above_20L,clean,Matched,R2,0.0,0.0,0.0,Accurate fee verified against R2.
TXN_000451,2026-08-20 02:25:02,2236.9,UPI,bank_UPI,,,5045,B2B wholesale,True,True,False,0.02,0.0,0.0,above_20L,clean,Matched,R1,0.0,0.0,0.0,Accurate fee verified against R1.
TXN_000452,2026-08-26 11:10:05,23469.4,UPI,bank_UPI,,,5045,B2B wholesale,True,True,True,0.02,0.0,0.0,above_20L,clean,Matched,R1,0.0,0.0,0.0,Accurate fee verified against R1.
TXN_000453,2026-08-18 06:18:09,45531.53,UPI,bank_UPI,,,5045,B2B wholesale,True,True,True,0.02,0.0,0.0,above_20L,clean,Matched,R1,0.0,0.0,0.0,Accurate fee verified against R1.
TXN_000454,2026-08-23 05:04:46,52095.13,Card,Mastercard_credit,522222.0,premium_rewards,5045,B2B wholesale,True,True,True,0.02,1041.9,187.54,above_20L,clean,Flagged_For_Review,R9,1041.9,1041.9,0.0,Market credit card rate applied; requires bilateral MSA contract review.
TXN_000455,2026-08-23 12:47:24,2095.2,UPI,PPI_wallet_UPI,,,5045,B2B wholesale,True,True,False,0.02,23.05,4.15,above_20L,clean,Matched,R6c,23.05,23.05,0.0,Accurate fee verified against R6c.
TXN_000456,2026-08-26 18:01:59,2165.05,UPI,RuPay_credit_UPI,533333.0,corporate,5045,B2B wholesale,True,True,False,0.02,32.48,5.85,above_20L,clean,Matched,R4,32.48,32.48,0.0,Accurate fee verified against R4.
TXN_000457,2026-08-27 07:49:07,30753.73,UPI,bank_UPI,,,5045,B2B wholesale,True,True,True,0.02,0.0,0.0,above_20L,clean,Matched,R1,0.0,0.0,0.0,Accurate fee verified against R1.
TXN_000458,2026-08-24 01:55:51,41326.72,Card,Mastercard_credit,433333.0,corporate,5045,B2B wholesale,True,True,True,0.02,826.53,148.78,above_20L,clean,Flagged_For_Review,R9,826.53,826.53,0.0,Market credit card rate applied; requires bilateral MSA contract review.
TXN_000459,2026-08-21 22:53:45,32958.83,Card,Debit_non_rupay,,,5411,B2B wholesale,True,True,True,0.02,296.63,53.39,above_20L,R12_mcc_misclassification,Matched,R8,296.63,296.63,0.0,Accurate fee verified against R8.
TXN_000460,2026-08-18 07:44:56,6730.98,UPI,bank_UPI,,,5045,B2B wholesale,True,True,False,0.02,0.0,0.0,above_20L,clean,Matched,R1,0.0,0.0,0.0,Accurate fee verified against R1.
TXN_000461,2026-08-19 08:13:59,2095.79,UPI,bank_UPI,,,5045,B2B wholesale,True,True,False,0.02,0.0,0.0,above_20L,clean,Matched,R1,0.0,0.0,0.0,Accurate fee verified against R1.
TXN_000462,2026-08-20 18:24:08,17034.47,UPI,bank_UPI,,,5045,B2B wholesale,True,True,True,0.02,0.0,0.0,above_20L,clean,Matched,R1,0.0,0.0,0.0,Accurate fee verified against R1.
TXN_000463,2026-08-26 13:03:18,9916.71,Card,RuPay_debit,522222.0,premium_rewards,5045,B2B wholesale,True,True,False,0.02,0.0,0.0,above_20L,clean,Matched,R2,0.0,0.0,0.0,Accurate fee verified against R2.
TXN_000464,2026-08-17 16:20:12,52024.02,UPI,RuPay_credit_UPI,607111.0,basic,5045,B2B wholesale,True,True,True,0.02,780.36,140.46,above_20L,clean,Matched,R4,780.36,780.36,0.0,Accurate fee verified against R4.
TXN_000465,2026-08-21 10:53:33,2210.6,UPI,RuPay_credit_UPI,511111.0,basic,5045,B2B wholesale,True,True,False,0.02,33.16,5.97,above_20L,clean,Matched,R4,33.16,33.16,0.0,Accurate fee verified against R4.
TXN_000466,2026-08-26 03:34:06,2147.27,UPI,bank_UPI,,,5045,B2B wholesale,True,True,False,0.02,0.0,0.0,above_20L,clean,Matched,R1,0.0,0.0,0.0,Accurate fee verified against R1.
TXN_000467,2026-08-26 10:42:19,53192.96,UPI,,,,5045,B2B wholesale,True,True,True,0.02,0.0,0.0,above_20L,exception_missing_tag,Exception,NONE,,0.0,,Missing sub_instrument routing tag; cannot verify applicable statutory MDR.
TXN_000468,2026-08-19 03:03:24,2325.91,UPI,,,,5045,B2B wholesale,True,True,False,0.02,0.0,0.0,above_20L,exception_missing_tag,Exception,NONE,,0.0,,Missing sub_instrument routing tag; cannot verify applicable statutory MDR.
TXN_000469,2026-08-30 00:27:48,29748.4,Card,Visa_credit,411111.0,basic,5045,B2B wholesale,True,True,True,0.02,594.97,107.09,above_20L,clean,Flagged_For_Review,R9,594.97,594.97,0.0,Market credit card rate applied; requires bilateral MSA contract review.
TXN_000470,2026-08-18 22:36:13,2284.46,UPI,bank_UPI,,,5045,B2B wholesale,True,True,False,0.02,0.0,0.0,above_20L,clean,Matched,R1,0.0,0.0,0.0,Accurate fee verified against R1.
TXN_000471,2026-08-17 08:31:11,2060.87,UPI,,,,5045,B2B wholesale,True,True,False,0.02,0.0,0.0,above_20L,exception_missing_tag,Exception,NONE,,0.0,,Missing sub_instrument routing tag; cannot verify applicable statutory MDR.
TXN_000472,2026-08-28 02:45:26,33858.78,Card,Visa_credit,533333.0,corporate,5045,B2B wholesale,True,True,True,0.02,677.18,121.89,above_20L,clean,Flagged_For_Review,R9,677.18,677.18,0.0,Market credit card rate applied; requires bilateral MSA contract review.
TXN_000473,2026-08-28 22:37:04,2439.41,UPI,bank_UPI,,,5411,B2B wholesale,True,True,False,0.02,0.0,0.0,above_20L,R12_mcc_misclassification,Matched,R1,0.0,0.0,0.0,Accurate fee verified against R1.
TXN_000474,2026-08-27 14:07:03,7768.89,UPI,PPI_wallet_UPI,,,5411,B2B wholesale,True,True,False,0.02,85.46,15.38,above_20L,R12_mcc_misclassification,Leaked,R6b,69.92,85.46,15.54,"Statutory disparity against R6b: expected Rs 69.92, charged Rs 85.46."
TXN_000475,2026-08-20 19:49:58,2225.09,UPI,bank_UPI,,,5045,B2B wholesale,True,True,False,0.02,0.0,0.0,above_20L,clean,Matched,R1,0.0,0.0,0.0,Accurate fee verified against R1.
TXN_000476,2026-08-22 02:36:25,36872.74,Card,RuPay_debit,607111.0,basic,5045,B2B wholesale,True,True,True,0.02,0.0,0.0,above_20L,clean,Matched,R2,0.0,0.0,0.0,Accurate fee verified against R2.
TXN_000477,2026-08-22 13:06:04,38085.61,UPI,bank_UPI,,,5045,B2B wholesale,True,True,True,0.02,0.0,0.0,above_20L,clean,Matched,R1,0.0,0.0,0.0,Accurate fee verified against R1.
TXN_000478,2026-08-19 05:10:18,2402.43,UPI,bank_UPI,,,5411,B2B wholesale,True,True,False,0.02,0.0,0.0,above_20L,R12_mcc_misclassification,Matched,R1,0.0,0.0,0.0,Accurate fee verified against R1.
TXN_000479,2026-08-15 12:54:10,2399.82,UPI,bank_UPI,,,5045,B2B wholesale,True,True,False,0.02,0.0,0.0,above_20L,clean,Matched,R1,0.0,0.0,0.0,Accurate fee verified against R1.
TXN_000480,2026-08-16 00:51:12,43639.98,Card,Mastercard_credit,433333.0,corporate,5045,B2B wholesale,True,True,True,0.02,872.8,157.1,above_20L,clean,Flagged_For_Review,R9,872.8,872.8,0.0,Market credit card rate applied; requires bilateral MSA contract review.
TXN_000481,2026-08-18 09:37:38,46810.09,UPI,bank_UPI,,,5045,B2B wholesale,True,True,True,0.02,0.0,0.0,above_20L,clean,Matched,R1,0.0,0.0,0.0,Accurate fee verified against R1.
TXN_000482,2026-08-27 03:11:28,2087.69,UPI,bank_UPI,,,5045,B2B wholesale,True,True,False,0.02,0.0,0.0,above_20L,clean,Matched,R1,0.0,0.0,0.0,Accurate fee verified against R1.
TXN_000483,2026-08-23 08:32:53,2091.24,UPI,PPI_wallet_UPI,,,5045,B2B wholesale,True,True,False,0.02,23.0,4.14,above_20L,clean,Matched,R6c,23.0,23.0,0.0,Accurate fee verified against R6c.
TXN_000484,2026-08-18 05:22:46,2206.76,UPI,bank_UPI,,,5045,B2B wholesale,True,True,False,0.02,0.0,0.0,above_20L,clean,Matched,R1,0.0,0.0,0.0,Accurate fee verified against R1.
TXN_000485,2026-08-17 09:29:36,2237.61,UPI,bank_UPI,,,5045,B2B wholesale,True,True,False,0.02,0.0,0.0,above_20L,clean,Matched,R1,0.0,0.0,0.0,Accurate fee verified against R1.
TXN_000486,2026-08-20 12:52:32,14089.76,UPI,bank_UPI,,,5045,B2B wholesale,True,True,True,0.02,0.0,0.0,above_20L,clean,Matched,R1,0.0,0.0,0.0,Accurate fee verified against R1.
TXN_000487,2026-08-28 01:04:13,12131.62,Card,RuPay_debit,533333.0,corporate,5045,B2B wholesale,False,False,True,0.02,97.05,17.47,above_20L,R10_l2_l3_downgrade,Leaked,R10,242.63,97.05,-145.58,"Statutory disparity against R10: expected Rs 242.63, charged Rs 97.05."
TXN_000488,2026-08-23 04:01:03,8150.11,Card,Mastercard_credit,422222.0,premium_rewards,5045,B2B wholesale,True,True,False,0.02,163.0,29.34,above_20L,clean,Flagged_For_Review,R9,163.0,163.0,0.0,Market credit card rate applied; requires bilateral MSA contract review.
TXN_000489,2026-08-29 21:50:20,42173.45,UPI,bank_UPI,,,5045,B2B wholesale,True,True,True,0.02,0.0,0.0,above_20L,clean,Matched,R1,0.0,0.0,0.0,Accurate fee verified against R1.
TXN_000490,2026-08-18 14:08:11,40288.29,UPI,bank_UPI,,,5045,B2B wholesale,True,True,True,0.02,0.0,0.0,above_20L,clean,Matched,R1,0.0,0.0,0.0,Accurate fee verified against R1.
