transaction_id,timestamp,amount,declared_instrument,sub_instrument,card_bin,card_tier,mcc,merchant_true_category,tax_amount_provided,po_code_provided,line_item_detail_provided,contracted_flat_rate,fee_charged,tax_charged,turnover_tier,injected_issue
TXN_000001,2026-08-22 03:55:49,12745.09,Card,Visa_credit,607222,corporate,5045,B2B wholesale,True,True,True,0.02,254.9,45.88,above_20L,clean
TXN_000002,2026-08-16 05:30:10,2327.71,UPI,bank_UPI,,N/A,5045,B2B wholesale,True,True,False,0.02,0.0,0.0,above_20L,clean
TXN_000003,2026-08-27 04:51:33,53870.06,Card,Visa_credit,522222,premium_rewards,5045,B2B wholesale,True,True,True,0.02,1077.4,193.93,above_20L,clean
TXN_000004,2026-08-18 12:20:12,38220.35,UPI,bank_UPI,,N/A,5045,B2B wholesale,True,True,True,0.02,0.0,0.0,above_20L,clean
TXN_000005,2026-08-15 19:01:59,28997.56,Card,RuPay_debit,607111,basic,5045,B2B wholesale,True,True,True,0.02,0.0,0.0,above_20L,clean
TXN_000006,2026-08-15 23:19:56,2587.39,UPI,bank_UPI,,N/A,5045,B2B wholesale,True,True,False,0.02,0.0,0.0,above_20L,clean
TXN_000007,2026-08-20 15:20:46,2569.56,UPI,bank_UPI,,N/A,5045,B2B wholesale,True,True,False,0.02,0.0,0.0,above_20L,clean
TXN_000008,2026-08-22 13:49:25,12999.66,Card,RuPay_debit,522222,premium_rewards,5045,B2B wholesale,True,True,True,0.02,0.0,0.0,above_20L,clean
TXN_000009,2026-08-22 00:41:46,11667.25,Card,,607222,corporate,5045,B2B wholesale,True,True,True,0.02,0.0,0.0,above_20L,exception_missing_tag
TXN_000010,2026-08-23 00:04:44,34329.58,UPI,PPI_wallet_UPI,,N/A,5045,B2B wholesale,True,True,True,0.02,377.63,67.97,above_20L,clean
TXN_000011,2026-08-28 18:57:17,2283.6,UPI,PPI_wallet_UPI,,N/A,5045,B2B wholesale,True,True,False,0.02,25.12,4.52,above_20L,clean
TXN_000012,2026-08-22 05:31:00,25998.43,UPI,PPI_wallet_UPI,,N/A,5045,B2B wholesale,True,True,True,0.02,285.98,51.48,above_20L,clean
TXN_000013,2026-08-23 22:29:47,2842.3,UPI,bank_UPI,,N/A,5045,B2B wholesale,True,True,False,0.02,0.0,0.0,above_20L,clean
TXN_000014,2026-08-22 12:42:56,2195.24,UPI,bank_UPI,,N/A,5045,B2B wholesale,True,True,False,0.02,0.0,0.0,above_20L,clean
TXN_000015,2026-08-17 11:53:09,50766.76,Card,Mastercard_credit,607111,basic,5045,B2B wholesale,True,True,True,0.02,1015.34,182.76,above_20L,clean
TXN_000016,2026-08-24 18:44:58,42086.33,UPI,bank_UPI,,N/A,5045,B2B wholesale,True,True,True,0.02,0.0,0.0,above_20L,clean
TXN_000017,2026-08-24 00:35:07,45767.76,Card,Visa_credit,422222,premium_rewards,5045,B2B wholesale,True,True,True,0.02,915.36,164.76,above_20L,clean
TXN_000018,2026-08-24 14:17:01,40376.33,Card,RuPay_debit,607111,basic,5045,B2B wholesale,True,True,True,0.02,0.0,0.0,above_20L,clean
TXN_000019,2026-08-23 13:55:04,38583.73,Card,RuPay_debit,422222,premium_rewards,5045,B2B wholesale,True,True,True,0.02,0.0,0.0,above_20L,clean
TXN_000020,2026-08-25 23:14:55,38705.87,UPI,bank_UPI,,N/A,5045,B2B wholesale,True,True,True,0.02,0.0,0.0,above_20L,clean
TXN_000021,2026-08-27 04:53:59,2165.13,UPI,bank_UPI,,N/A,5045,B2B wholesale,True,True,False,0.02,0.0,0.0,above_20L,clean
TXN_000022,2026-08-27 09:53:28,20477.55,Card,Visa_credit,522222,premium_rewards,5045,B2B wholesale,True,True,True,0.02,409.55,73.72,above_20L,clean
TXN_000023,2026-08-23 23:21:17,3227.93,UPI,bank_UPI,,N/A,5045,B2B wholesale,True,True,False,0.02,0.0,0.0,above_20L,clean
TXN_000024,2026-08-30 06:19:29,30049.51,UPI,bank_UPI,,N/A,5045,B2B wholesale,True,True,True,0.02,0.0,0.0,above_20L,clean
TXN_000025,2026-08-28 19:15:46,42418.89,Card,Visa_credit,533333,corporate,5045,B2B wholesale,False,False,True,0.02,1187.73,213.79,above_20L,R10_l2_l3_downgrade
TXN_000026,2026-08-19 19:37:47,17024.93,Card,RuPay_debit,511111,basic,5045,B2B wholesale,True,True,True,0.02,0.0,0.0,above_20L,clean
TXN_000027,2026-08-25 23:22:33,3280.11,UPI,,,N/A,5045,B2B wholesale,True,True,False,0.02,0.0,0.0,above_20L,exception_missing_tag
TXN_000028,2026-08-15 23:19:58,2004.76,UPI,bank_UPI,,N/A,5045,B2B wholesale,True,True,False,0.02,0.0,0.0,above_20L,clean
TXN_000029,2026-08-26 20:58:11,13390.54,Card,Visa_credit,422222,premium_rewards,5045,B2B wholesale,True,True,True,0.02,267.81,48.21,above_20L,clean
TXN_000030,2026-08-16 19:50:29,3111.68,UPI,bank_UPI,,N/A,5045,B2B wholesale,True,True,False,0.02,0.0,0.0,above_20L,clean
TXN_000031,2026-08-25 02:26:08,9376.97,UPI,PPI_wallet_UPI,,N/A,5045,B2B wholesale,True,True,False,0.02,103.15,18.57,above_20L,clean
TXN_000032,2026-08-22 07:47:21,3253.9,UPI,RuPay_credit_UPI,433333,corporate,5045,B2B wholesale,True,True,False,0.02,48.81,8.79,above_20L,clean
TXN_000033,2026-08-23 17:08:18,32804.37,Card,Debit_non_rupay,,N/A,5045,B2B wholesale,True,True,True,0.02,295.24,53.14,above_20L,clean
TXN_000034,2026-08-20 05:42:44,44014.82,UPI,RuPay_credit_UPI,522222,premium_rewards,5045,B2B wholesale,True,True,True,0.02,660.22,118.84,above_20L,clean
TXN_000035,2026-08-24 00:04:37,2086.35,UPI,RuPay_credit_UPI,411111,basic,5045,B2B wholesale,True,True,False,0.02,31.3,5.63,above_20L,clean
TXN_000036,2026-08-21 13:53:01,2149.18,UPI,bank_UPI,,N/A,5045,B2B wholesale,True,True,False,0.02,0.0,0.0,above_20L,clean
TXN_000037,2026-08-20 05:56:46,3291.73,UPI,bank_UPI,,N/A,5045,B2B wholesale,True,True,False,0.02,0.0,0.0,above_20L,clean
TXN_000038,2026-08-15 14:35:57,2932.46,UPI,RuPay_credit_UPI,411111,basic,5411,B2B wholesale,True,True,False,0.02,43.99,7.92,above_20L,R12_mcc_misclassification
TXN_000039,2026-08-19 15:21:39,22482.53,Card,Visa_credit,511111,basic,5045,B2B wholesale,True,True,True,0.02,449.65,80.94,above_20L,clean
TXN_000040,2026-08-28 08:52:43,27896.27,UPI,bank_UPI,,N/A,5411,B2B wholesale,True,True,True,0.02,0.0,0.0,above_20L,R12_mcc_misclassification
TXN_000041,2026-08-27 10:21:54,37297.29,Card,RuPay_debit,511111,basic,5045,B2B wholesale,True,True,True,0.02,0.0,0.0,above_20L,clean
TXN_000042,2026-08-23 03:07:20,3226.62,UPI,bank_UPI,,N/A,5045,B2B wholesale,True,True,False,0.02,0.0,0.0,above_20L,clean
TXN_000043,2026-08-24 10:48:56,2653.22,UPI,RuPay_credit_UPI,411111,basic,5045,B2B wholesale,True,True,False,0.02,39.8,7.16,above_20L,clean
TXN_000044,2026-08-28 23:09:32,3021.89,UPI,bank_UPI,,N/A,5045,B2B wholesale,True,True,False,0.02,0.0,0.0,above_20L,clean
TXN_000045,2026-08-15 23:53:51,50864.42,Card,RuPay_debit,533333,corporate,5045,B2B wholesale,True,True,True,0.02,0.0,0.0,above_20L,clean
TXN_000046,2026-08-24 07:10:39,39068.38,Card,Debit_non_rupay,,N/A,5045,B2B wholesale,True,True,True,0.02,351.62,63.29,above_20L,clean
TXN_000047,2026-08-28 00:16:35,2156.03,UPI,bank_UPI,,N/A,5045,B2B wholesale,True,True,False,0.02,0.0,0.0,above_20L,clean
TXN_000048,2026-08-17 00:24:08,15578.84,UPI,bank_UPI,,N/A,5411,B2B wholesale,True,True,True,0.02,0.0,0.0,above_20L,R12_mcc_misclassification
TXN_000049,2026-08-22 10:15:10,2942.9,UPI,bank_UPI,,N/A,5411,B2B wholesale,True,True,False,0.02,0.0,0.0,above_20L,R12_mcc_misclassification
TXN_000050,2026-08-22 02:34:32,2357.85,UPI,bank_UPI,,N/A,5045,B2B wholesale,True,True,False,0.02,0.0,0.0,above_20L,clean
TXN_000051,2026-08-16 21:20:13,13335.48,Card,RuPay_debit,511111,basic,5045,B2B wholesale,True,True,True,0.02,0.0,0.0,above_20L,clean
TXN_000052,2026-08-20 07:15:24,2478.93,UPI,bank_UPI,,N/A,5045,B2B wholesale,True,True,False,0.02,0.0,0.0,above_20L,clean
TXN_000053,2026-08-17 22:26:12,40148.32,UPI,RuPay_credit_UPI,522222,premium_rewards,5045,B2B wholesale,True,True,True,0.02,602.22,108.4,above_20L,clean
TXN_000054,2026-08-15 21:47:32,2975.53,UPI,bank_UPI,,N/A,5045,B2B wholesale,True,True,False,0.02,0.0,0.0,above_20L,clean
TXN_000055,2026-08-27 06:16:16,16660.81,Card,RuPay_debit,607222,corporate,5045,B2B wholesale,True,True,True,0.02,0.0,0.0,above_20L,clean
TXN_000056,2026-08-29 13:11:17,3251.42,UPI,bank_UPI,,N/A,5045,B2B wholesale,True,True,False,0.02,0.0,0.0,above_20L,clean
TXN_000057,2026-08-18 06:59:19,22141.2,Card,RuPay_debit,607111,basic,5045,B2B wholesale,True,True,True,0.02,0.0,0.0,above_20L,clean
TXN_000058,2026-08-28 22:48:37,60308.63,Card,Visa_credit,522222,premium_rewards,5045,B2B wholesale,True,True,True,0.02,1206.17,217.11,above_20L,clean
TXN_000059,2026-08-26 06:35:36,3215.37,UPI,RuPay_credit_UPI,607222,corporate,5045,B2B wholesale,True,True,False,0.02,48.23,8.68,above_20L,clean
TXN_000060,2026-08-17 03:20:38,52084.06,Card,Mastercard_credit,533333,corporate,5045,B2B wholesale,True,True,True,0.02,1041.68,187.5,above_20L,clean
TXN_000061,2026-08-25 16:09:13,8204.88,Card,RuPay_debit,433333,corporate,5045,B2B wholesale,True,True,False,0.02,0.0,0.0,above_20L,clean
TXN_000062,2026-08-19 04:36:29,2179.12,UPI,bank_UPI,,N/A,5045,B2B wholesale,True,True,False,0.02,0.0,0.0,above_20L,clean
TXN_000063,2026-08-26 03:32:30,51214.29,Card,Visa_credit,533333,corporate,5045,B2B wholesale,False,False,True,0.02,1434.0,258.12,above_20L,R10_l2_l3_downgrade
TXN_000064,2026-08-27 03:51:52,3287.06,UPI,RuPay_credit_UPI,433333,corporate,5045,B2B wholesale,True,True,False,0.02,49.31,8.88,above_20L,clean
TXN_000065,2026-08-29 08:39:39,45329.59,Card,RuPay_debit,607222,corporate,5045,B2B wholesale,True,True,True,0.02,0.0,0.0,above_20L,clean
TXN_000066,2026-08-23 11:47:11,59309.72,Card,,607222,corporate,5045,B2B wholesale,True,True,True,0.02,1186.19,213.51,above_20L,exception_missing_tag
TXN_000067,2026-08-26 05:07:52,2122.4,UPI,bank_UPI,,N/A,5045,B2B wholesale,True,True,False,0.02,0.0,0.0,above_20L,clean
TXN_000068,2026-08-23 14:42:46,36421.89,UPI,bank_UPI,,N/A,5045,B2B wholesale,True,True,True,0.02,0.0,0.0,above_20L,clean
TXN_000069,2026-08-22 08:17:44,52660.77,UPI,bank_UPI,,N/A,5045,B2B wholesale,True,True,True,0.02,0.0,0.0,above_20L,clean
TXN_000070,2026-08-16 23:58:03,25805.05,Card,Visa_credit,422222,premium_rewards,5045,B2B wholesale,True,True,True,0.02,516.1,92.9,above_20L,clean
TXN_000071,2026-08-24 21:21:34,27364.81,Card,RuPay_debit,433333,corporate,5045,B2B wholesale,True,True,True,0.02,0.0,0.0,above_20L,clean
TXN_000072,2026-08-29 05:50:32,2748.03,UPI,bank_UPI,,N/A,5045,B2B wholesale,True,True,False,0.02,0.0,0.0,above_20L,clean
TXN_000073,2026-08-25 23:04:54,2517.91,UPI,bank_UPI,,N/A,5045,B2B wholesale,True,True,False,0.02,0.0,0.0,above_20L,clean
TXN_000074,2026-08-28 09:09:26,2640.15,UPI,PPI_wallet_UPI,,N/A,5045,B2B wholesale,True,True,False,0.02,29.04,5.23,above_20L,clean
TXN_000075,2026-08-23 07:41:13,3216.04,UPI,bank_UPI,,N/A,5045,B2B wholesale,True,True,False,0.02,0.0,0.0,above_20L,clean
TXN_000076,2026-08-21 22:39:35,19983.29,Card,,607111,basic,5045,B2B wholesale,True,True,True,0.02,399.67,71.94,above_20L,exception_missing_tag
TXN_000077,2026-08-19 04:47:12,59638.82,Card,RuPay_debit,522222,premium_rewards,5045,B2B wholesale,True,True,True,0.02,0.0,0.0,above_20L,clean
TXN_000078,2026-08-29 03:15:14,20281.21,Card,RuPay_debit,607222,corporate,5045,B2B wholesale,True,True,True,0.02,0.0,0.0,above_20L,clean
TXN_000079,2026-08-22 02:02:53,38174.38,UPI,bank_UPI,,N/A,5045,B2B wholesale,True,True,True,0.02,0.0,0.0,above_20L,clean
TXN_000080,2026-08-23 20:11:30,49135.42,UPI,RuPay_credit_UPI,422222,premium_rewards,5045,B2B wholesale,True,True,True,0.02,737.03,132.67,above_20L,clean
TXN_000081,2026-08-17 19:07:18,41347.59,Card,Mastercard_credit,511111,basic,5045,B2B wholesale,True,True,True,0.02,826.95,148.85,above_20L,clean
TXN_000082,2026-08-25 21:12:21,22924.3,UPI,bank_UPI,,N/A,5045,B2B wholesale,True,True,True,0.02,0.0,0.0,above_20L,clean
TXN_000083,2026-08-26 22:23:45,24768.18,UPI,bank_UPI,,N/A,5411,B2B wholesale,True,True,True,0.02,0.0,0.0,above_20L,R12_mcc_misclassification
TXN_000084,2026-08-21 13:00:09,2919.46,UPI,bank_UPI,,N/A,5045,B2B wholesale,True,True,False,0.02,0.0,0.0,above_20L,clean
TXN_000085,2026-08-21 12:50:22,2529.05,UPI,bank_UPI,,N/A,5045,B2B wholesale,True,True,False,0.02,0.0,0.0,above_20L,clean
TXN_000086,2026-08-18 18:21:31,16930.22,UPI,bank_UPI,,N/A,5045,B2B wholesale,True,True,True,0.02,0.0,0.0,above_20L,clean
TXN_000087,2026-08-19 21:43:05,26025.68,UPI,bank_UPI,,N/A,5411,B2B wholesale,True,True,True,0.02,0.0,0.0,above_20L,R12_mcc_misclassification
TXN_000088,2026-08-16 10:03:18,2212.35,UPI,bank_UPI,,N/A,5045,B2B wholesale,True,True,False,0.02,0.0,0.0,above_20L,clean
TXN_000089,2026-08-15 10:47:45,2929.93,UPI,bank_UPI,,N/A,5045,B2B wholesale,True,True,False,0.02,0.0,0.0,above_20L,clean
TXN_000090,2026-08-23 09:20:31,2063.99,UPI,bank_UPI,,N/A,5045,B2B wholesale,True,True,False,0.02,0.0,0.0,above_20L,clean
TXN_000091,2026-08-23 00:28:28,3063.53,UPI,RuPay_credit_UPI,607222,corporate,5045,B2B wholesale,True,True,False,0.02,45.95,8.27,above_20L,clean
TXN_000092,2026-08-22 09:10:01,48757.08,Card,Debit_non_rupay,,N/A,5045,B2B wholesale,True,True,True,0.02,438.81,78.99,above_20L,clean
TXN_000093,2026-08-21 23:22:48,2622.75,UPI,bank_UPI,,N/A,5045,B2B wholesale,True,True,False,0.02,0.0,0.0,above_20L,clean
TXN_000094,2026-08-21 08:34:56,2915.69,UPI,bank_UPI,,N/A,5045,B2B wholesale,True,True,False,0.02,0.0,0.0,above_20L,clean
TXN_000095,2026-08-29 14:26:43,61643.04,Card,Mastercard_credit,422222,premium_rewards,5045,B2B wholesale,True,True,True,0.02,1232.86,221.91,above_20L,clean
TXN_000096,2026-08-28 04:41:40,2073.34,UPI,bank_UPI,,N/A,5045,B2B wholesale,True,True,False,0.02,0.0,0.0,above_20L,clean
TXN_000097,2026-08-30 05:37:44,2419.95,UPI,bank_UPI,,N/A,5045,B2B wholesale,True,True,False,0.02,0.0,0.0,above_20L,clean
TXN_000098,2026-08-23 05:30:49,34432.7,Card,Visa_credit,411111,basic,5411,B2B wholesale,True,True,True,0.02,688.65,123.96,above_20L,R12_mcc_misclassification
TXN_000099,2026-08-19 22:11:36,29770.16,UPI,bank_UPI,,N/A,5045,B2B wholesale,True,True,True,0.02,0.0,0.0,above_20L,clean
TXN_000100,2026-08-16 02:33:25,3095.92,UPI,bank_UPI,,N/A,5045,B2B wholesale,True,True,False,0.02,0.0,0.0,above_20L,clean
TXN_000101,2026-08-24 16:29:40,2596.07,UPI,RuPay_credit_UPI,533333,corporate,5045,B2B wholesale,True,True,False,0.02,38.94,7.01,above_20L,clean
TXN_000102,2026-08-25 02:01:33,25566.31,Card,RuPay_debit,533333,corporate,5045,B2B wholesale,True,True,True,0.02,0.0,0.0,above_20L,clean
TXN_000103,2026-08-25 14:38:28,2006.9,UPI,bank_UPI,,N/A,5045,B2B wholesale,True,True,False,0.02,0.0,0.0,above_20L,clean
TXN_000104,2026-08-22 07:32:07,68225.2,UPI,bank_UPI,,N/A,5045,B2B wholesale,True,True,True,0.02,0.0,0.0,above_20L,clean
TXN_000105,2026-08-23 14:44:39,57504.88,UPI,bank_UPI,,N/A,5045,B2B wholesale,True,True,True,0.02,0.0,0.0,above_20L,clean
TXN_000106,2026-08-26 13:40:21,9922.98,UPI,RuPay_credit_UPI,607222,corporate,5045,B2B wholesale,False,False,False,0.02,228.22,41.08,above_20L,R10_l2_l3_downgrade
TXN_000107,2026-08-24 08:56:27,46962.74,Card,Debit_non_rupay,,N/A,5045,B2B wholesale,True,True,True,0.02,422.66,76.08,above_20L,clean
TXN_000108,2026-08-26 10:54:37,55903.04,UPI,bank_UPI,,N/A,5045,B2B wholesale,True,True,True,0.02,0.0,0.0,above_20L,clean
TXN_000109,2026-08-29 16:32:37,3080.16,UPI,bank_UPI,,N/A,5045,B2B wholesale,True,True,False,0.02,0.0,0.0,above_20L,clean
TXN_000110,2026-08-15 12:36:58,2248.89,UPI,RuPay_credit_UPI,411111,basic,5045,B2B wholesale,True,True,False,0.02,33.73,6.07,above_20L,clean
TXN_000111,2026-08-25 13:15:38,2957.66,UPI,bank_UPI,,N/A,5045,B2B wholesale,True,True,False,0.02,0.0,0.0,above_20L,clean
TXN_000112,2026-08-27 10:30:11,3226.71,UPI,bank_UPI,,N/A,5045,B2B wholesale,True,True,False,0.02,0.0,0.0,above_20L,clean
TXN_000113,2026-08-18 05:46:56,3133.76,UPI,RuPay_credit_UPI,533333,corporate,5045,B2B wholesale,True,True,False,0.02,47.01,8.46,above_20L,clean
TXN_000114,2026-08-28 12:43:03,54616.5,Card,RuPay_debit,511111,basic,5045,B2B wholesale,True,True,True,0.02,0.0,0.0,above_20L,clean
TXN_000115,2026-08-22 19:21:02,27766.15,UPI,PPI_wallet_UPI,,N/A,5045,B2B wholesale,True,True,True,0.02,305.43,54.98,above_20L,clean
TXN_000116,2026-08-15 19:10:12,3181.48,UPI,bank_UPI,,N/A,5045,B2B wholesale,True,True,False,0.02,0.0,0.0,above_20L,clean
TXN_000117,2026-08-22 18:50:38,2851.89,UPI,bank_UPI,,N/A,5045,B2B wholesale,True,True,False,0.02,0.0,0.0,above_20L,clean
TXN_000118,2026-08-20 00:47:31,2870.17,UPI,bank_UPI,,N/A,5045,B2B wholesale,True,True,False,0.02,0.0,0.0,above_20L,clean
TXN_000119,2026-08-22 20:28:37,3072.82,UPI,bank_UPI,,N/A,5411,B2B wholesale,True,True,False,0.02,0.0,0.0,above_20L,R12_mcc_misclassification
TXN_000120,2026-08-27 10:20:35,2136.09,UPI,bank_UPI,,N/A,5045,B2B wholesale,True,True,False,0.02,0.0,0.0,above_20L,clean
TXN_000121,2026-08-17 20:25:51,2048.03,UPI,bank_UPI,,N/A,5045,B2B wholesale,True,True,False,0.02,0.0,0.0,above_20L,clean
TXN_000122,2026-08-23 02:36:12,29085.52,Card,RuPay_debit,433333,corporate,5045,B2B wholesale,True,True,True,0.02,0.0,0.0,above_20L,clean
TXN_000123,2026-08-26 09:18:17,11690.81,Card,RuPay_debit,522222,premium_rewards,5045,B2B wholesale,True,True,True,0.02,0.0,0.0,above_20L,clean
TXN_000124,2026-08-27 08:44:56,2241.28,UPI,bank_UPI,,N/A,5045,B2B wholesale,True,True,False,0.02,0.0,0.0,above_20L,clean
TXN_000125,2026-08-20 20:53:02,2704.6,UPI,bank_UPI,,N/A,5045,B2B wholesale,True,True,False,0.02,0.0,0.0,above_20L,clean
TXN_000126,2026-08-22 22:53:57,2976.56,UPI,bank_UPI,,N/A,5045,B2B wholesale,True,True,False,0.02,0.0,0.0,above_20L,clean
TXN_000127,2026-08-23 09:56:18,46792.96,UPI,bank_UPI,,N/A,5045,B2B wholesale,True,True,True,0.02,0.0,0.0,above_20L,clean
TXN_000128,2026-08-20 12:09:29,2902.48,UPI,bank_UPI,,N/A,5045,B2B wholesale,True,True,False,0.02,0.0,0.0,above_20L,clean
TXN_000129,2026-08-27 19:24:33,5594.42,UPI,bank_UPI,,N/A,5045,B2B wholesale,True,True,False,0.02,0.0,0.0,above_20L,clean
TXN_000130,2026-08-25 16:16:45,2597.24,UPI,bank_UPI,,N/A,5045,B2B wholesale,True,True,False,0.02,0.0,0.0,above_20L,clean
TXN_000131,2026-08-22 06:29:19,18141.55,Card,RuPay_debit,422222,premium_rewards,5045,B2B wholesale,True,True,True,0.02,0.0,0.0,above_20L,clean
TXN_000132,2026-08-18 06:15:19,50921.65,Card,Visa_credit,511111,basic,5045,B2B wholesale,True,True,True,0.02,1018.43,183.32,above_20L,clean
TXN_000133,2026-08-19 14:17:52,38170.41,Card,RuPay_debit,422222,premium_rewards,5045,B2B wholesale,True,True,True,0.02,0.0,0.0,above_20L,clean
TXN_000134,2026-08-18 08:12:01,2712.1,UPI,bank_UPI,,N/A,5045,B2B wholesale,True,True,False,0.02,0.0,0.0,above_20L,clean
TXN_000135,2026-08-18 13:46:37,60993.8,Card,RuPay_debit,607111,basic,5045,B2B wholesale,True,True,True,0.02,0.0,0.0,above_20L,clean
TXN_000136,2026-08-26 10:21:06,2085.44,UPI,bank_UPI,,N/A,5045,B2B wholesale,True,True,False,0.02,0.0,0.0,above_20L,clean
TXN_000137,2026-08-21 00:22:59,2994.42,UPI,bank_UPI,,N/A,5045,B2B wholesale,True,True,False,0.02,0.0,0.0,above_20L,clean
TXN_000138,2026-08-18 12:29:20,2227.94,UPI,bank_UPI,,N/A,5045,B2B wholesale,True,True,False,0.02,0.0,0.0,above_20L,clean
TXN_000139,2026-08-25 04:04:16,2691.1,UPI,bank_UPI,,N/A,5045,B2B wholesale,True,True,False,0.02,0.0,0.0,above_20L,clean
TXN_000140,2026-08-21 13:39:48,3005.38,UPI,RuPay_credit_UPI,533333,corporate,5045,B2B wholesale,True,True,False,0.02,45.08,8.11,above_20L,clean
TXN_000141,2026-08-21 11:11:25,17730.19,Card,RuPay_debit,433333,corporate,5411,B2B wholesale,True,True,True,0.02,0.0,0.0,above_20L,R12_mcc_misclassification
TXN_000142,2026-08-23 02:04:46,2362.39,UPI,,,N/A,5045,B2B wholesale,True,True,False,0.02,0.0,0.0,above_20L,exception_missing_tag
TXN_000143,2026-08-21 22:13:24,2686.69,UPI,bank_UPI,,N/A,5045,B2B wholesale,True,True,False,0.02,0.0,0.0,above_20L,clean
TXN_000144,2026-08-26 10:43:54,36988.25,Card,Visa_credit,607111,basic,5411,B2B wholesale,True,True,True,0.02,739.76,133.16,above_20L,R12_mcc_misclassification
TXN_000145,2026-08-30 05:51:10,62327.49,Card,,607111,basic,5045,B2B wholesale,True,True,True,0.02,0.0,0.0,above_20L,exception_missing_tag
TXN_000146,2026-08-24 21:50:10,47199.15,Card,Visa_credit,607222,corporate,5045,B2B wholesale,True,True,True,0.02,943.98,169.92,above_20L,clean
TXN_000147,2026-08-23 13:11:15,2143.08,UPI,PPI_wallet_UPI,,N/A,5045,B2B wholesale,True,True,False,0.02,23.57,4.24,above_20L,clean
TXN_000148,2026-08-15 23:35:50,2043.82,UPI,bank_UPI,,N/A,5411,B2B wholesale,True,True,False,0.02,0.0,0.0,above_20L,R12_mcc_misclassification
TXN_000149,2026-08-17 03:55:03,60665.72,Card,RuPay_debit,433333,corporate,5045,B2B wholesale,True,True,True,0.02,0.0,0.0,above_20L,clean
TXN_000150,2026-08-15 11:39:46,42020.52,UPI,bank_UPI,,N/A,5045,B2B wholesale,True,True,True,0.02,0.0,0.0,above_20L,clean
TXN_000151,2026-08-19 02:36:46,49127.49,Card,,511111,basic,5045,B2B wholesale,True,True,True,0.02,0.0,0.0,above_20L,exception_missing_tag
TXN_000152,2026-08-15 12:43:17,68093.68,UPI,bank_UPI,,N/A,5045,B2B wholesale,True,True,True,0.02,0.0,0.0,above_20L,clean
TXN_000153,2026-08-19 02:43:08,13465.34,UPI,,,N/A,5045,B2B wholesale,True,True,True,0.02,0.0,0.0,above_20L,exception_missing_tag
TXN_000154,2026-08-22 02:57:34,54290.69,Card,RuPay_debit,522222,premium_rewards,5045,B2B wholesale,True,True,True,0.02,0.0,0.0,above_20L,clean
TXN_000155,2026-08-27 06:32:39,2769.58,UPI,bank_UPI,,N/A,5045,B2B wholesale,True,True,False,0.02,0.0,0.0,above_20L,clean
TXN_000156,2026-08-21 16:49:36,29687.86,UPI,RuPay_credit_UPI,433333,corporate,5411,B2B wholesale,True,True,True,0.02,445.32,80.16,above_20L,R12_mcc_misclassification
TXN_000157,2026-08-25 06:34:21,23154.32,Card,RuPay_debit,607222,corporate,5045,B2B wholesale,False,False,True,0.02,185.23,33.34,above_20L,R10_l2_l3_downgrade
TXN_000158,2026-08-16 16:59:22,53505.03,UPI,bank_UPI,,N/A,5045,B2B wholesale,True,True,True,0.02,0.0,0.0,above_20L,clean
TXN_000159,2026-08-18 01:42:51,3075.39,UPI,bank_UPI,,N/A,5045,B2B wholesale,True,True,False,0.02,0.0,0.0,above_20L,clean
TXN_000160,2026-08-23 02:39:29,3197.72,UPI,RuPay_credit_UPI,433333,corporate,5045,B2B wholesale,True,True,False,0.02,47.97,8.63,above_20L,clean
TXN_000161,2026-08-21 04:06:01,31460.97,Card,Mastercard_credit,511111,basic,5045,B2B wholesale,True,True,True,0.02,629.22,113.26,above_20L,clean
TXN_000162,2026-08-17 08:13:14,2037.45,UPI,PPI_wallet_UPI,,N/A,5045,B2B wholesale,True,True,False,0.02,22.41,4.03,above_20L,clean
TXN_000163,2026-08-17 23:31:36,45993.05,Card,Mastercard_credit,533333,corporate,5045,B2B wholesale,True,True,True,0.02,919.86,165.57,above_20L,clean
TXN_000164,2026-08-22 12:46:59,3072.4,UPI,PPI_wallet_UPI,,N/A,5045,B2B wholesale,True,True,False,0.02,33.8,6.08,above_20L,clean
TXN_000165,2026-08-16 23:55:28,53201.49,Card,,607222,corporate,5045,B2B wholesale,True,True,True,0.02,0.0,0.0,above_20L,exception_missing_tag
TXN_000166,2026-08-20 12:38:21,3139.3,UPI,bank_UPI,,N/A,5045,B2B wholesale,True,True,False,0.02,0.0,0.0,above_20L,clean
TXN_000167,2026-08-23 05:50:11,2225.85,UPI,bank_UPI,,N/A,5045,B2B wholesale,True,True,False,0.02,0.0,0.0,above_20L,clean
TXN_000168,2026-08-24 22:07:09,9696.83,Card,RuPay_debit,411111,basic,5045,B2B wholesale,True,True,False,0.02,0.0,0.0,above_20L,clean
TXN_000169,2026-08-24 17:12:02,3066.68,UPI,,,N/A,5045,B2B wholesale,True,True,False,0.02,0.0,0.0,above_20L,exception_missing_tag
TXN_000170,2026-08-28 00:35:20,2231.86,UPI,PPI_wallet_UPI,,N/A,5045,B2B wholesale,True,True,False,0.02,24.55,4.42,above_20L,clean
TXN_000171,2026-08-28 00:21:36,59453.93,Card,Visa_credit,522222,premium_rewards,5045,B2B wholesale,True,True,True,0.02,1189.08,214.03,above_20L,clean
TXN_000172,2026-08-29 16:18:15,34324.32,UPI,bank_UPI,,N/A,5045,B2B wholesale,True,True,True,0.02,0.0,0.0,above_20L,clean
TXN_000173,2026-08-28 11:36:49,3127.51,UPI,bank_UPI,,N/A,5045,B2B wholesale,True,True,False,0.02,0.0,0.0,above_20L,clean
TXN_000174,2026-08-17 06:53:34,15659.18,UPI,PPI_wallet_UPI,,N/A,5045,B2B wholesale,True,True,True,0.02,172.25,31.0,above_20L,clean
TXN_000175,2026-08-27 23:08:47,55867.74,Card,RuPay_debit,607222,corporate,5045,B2B wholesale,True,True,True,0.02,0.0,0.0,above_20L,clean
TXN_000176,2026-08-18 07:45:25,2404.07,UPI,bank_UPI,,N/A,5045,B2B wholesale,True,True,False,0.02,0.0,0.0,above_20L,clean
TXN_000177,2026-08-23 04:43:23,51562.22,Card,Visa_credit,433333,corporate,5045,B2B wholesale,True,True,True,0.02,1031.24,185.62,above_20L,clean
TXN_000178,2026-08-24 14:27:57,11109.32,Card,RuPay_debit,433333,corporate,5045,B2B wholesale,True,True,True,0.02,0.0,0.0,above_20L,clean
TXN_000179,2026-08-16 07:16:04,2986.47,UPI,RuPay_credit_UPI,422222,premium_rewards,5045,B2B wholesale,True,True,False,0.02,44.8,8.06,above_20L,clean
TXN_000180,2026-08-26 07:25:00,64941.92,Card,Debit_non_rupay,,N/A,5411,B2B wholesale,True,True,True,0.02,584.48,105.21,above_20L,R12_mcc_misclassification
TXN_000181,2026-08-19 15:13:33,15804.34,UPI,bank_UPI,,N/A,5045,B2B wholesale,True,True,True,0.02,0.0,0.0,above_20L,clean
TXN_000182,2026-08-24 11:33:06,2423.07,UPI,bank_UPI,,N/A,5045,B2B wholesale,True,True,False,0.02,0.0,0.0,above_20L,clean
TXN_000183,2026-08-28 10:51:13,2206.37,UPI,bank_UPI,,N/A,5045,B2B wholesale,True,True,False,0.02,0.0,0.0,above_20L,clean
TXN_000184,2026-08-19 03:32:34,49267.68,Card,RuPay_debit,422222,premium_rewards,5045,B2B wholesale,True,True,True,0.02,0.0,0.0,above_20L,clean
TXN_000185,2026-08-22 19:21:25,52823.05,UPI,bank_UPI,,N/A,5045,B2B wholesale,True,True,True,0.02,0.0,0.0,above_20L,clean
TXN_000186,2026-08-25 13:17:43,2118.93,UPI,bank_UPI,,N/A,5045,B2B wholesale,True,True,False,0.02,0.0,0.0,above_20L,clean
TXN_000187,2026-08-17 05:42:22,2226.06,UPI,bank_UPI,,N/A,5045,B2B wholesale,True,True,False,0.02,0.0,0.0,above_20L,clean
TXN_000188,2026-08-30 08:00:44,26877.78,UPI,,,N/A,5045,B2B wholesale,True,True,True,0.02,295.66,53.22,above_20L,exception_missing_tag
TXN_000189,2026-08-25 16:15:52,2294.8,UPI,bank_UPI,,N/A,5411,B2B wholesale,True,True,False,0.02,0.0,0.0,above_20L,R12_mcc_misclassification
TXN_000190,2026-08-29 07:11:41,61667.79,UPI,bank_UPI,,N/A,5045,B2B wholesale,True,True,True,0.02,0.0,0.0,above_20L,clean
TXN_000191,2026-08-30 05:11:45,2855.57,UPI,bank_UPI,,N/A,5045,B2B wholesale,True,True,False,0.02,0.0,0.0,above_20L,clean
TXN_000192,2026-08-25 23:56:34,64383.4,Card,Mastercard_credit,533333,corporate,5045,B2B wholesale,True,True,True,0.02,1287.67,231.78,above_20L,clean
TXN_000193,2026-08-26 22:18:28,3085.97,UPI,bank_UPI,,N/A,5045,B2B wholesale,True,True,False,0.02,0.0,0.0,above_20L,clean
TXN_000194,2026-08-24 16:54:49,33434.37,UPI,RuPay_credit_UPI,433333,corporate,5045,B2B wholesale,True,True,True,0.02,501.52,90.27,above_20L,clean
TXN_000195,2026-08-29 01:40:39,27209.03,UPI,bank_UPI,,N/A,5045,B2B wholesale,True,True,True,0.02,0.0,0.0,above_20L,clean
TXN_000196,2026-08-27 11:39:11,2254.87,UPI,bank_UPI,,N/A,5045,B2B wholesale,True,True,False,0.02,0.0,0.0,above_20L,clean
TXN_000197,2026-08-26 23:36:36,2145.84,UPI,bank_UPI,,N/A,5411,B2B wholesale,True,True,False,0.02,0.0,0.0,above_20L,R12_mcc_misclassification
TXN_000198,2026-08-20 15:40:19,2677.25,UPI,bank_UPI,,N/A,5411,B2B wholesale,True,True,False,0.02,0.0,0.0,above_20L,R12_mcc_misclassification
TXN_000199,2026-08-21 06:54:40,2443.84,UPI,bank_UPI,,N/A,5411,B2B wholesale,True,True,False,0.02,0.0,0.0,above_20L,R12_mcc_misclassification
TXN_000200,2026-08-30 00:01:33,2873.28,UPI,bank_UPI,,N/A,5411,B2B wholesale,True,True,False,0.02,0.0,0.0,above_20L,R12_mcc_misclassification
TXN_000201,2026-08-25 11:54:04,62342.85,Card,Mastercard_credit,422222,premium_rewards,5045,B2B wholesale,True,True,True,0.02,1246.86,224.43,above_20L,clean
TXN_000202,2026-08-28 14:12:26,36216.43,Card,Debit_non_rupay,,N/A,5045,B2B wholesale,True,True,True,0.02,325.95,58.67,above_20L,clean
TXN_000203,2026-08-18 08:20:31,24184.1,Card,Debit_non_rupay,,N/A,5045,B2B wholesale,True,True,True,0.02,217.66,39.18,above_20L,clean
TXN_000204,2026-08-19 07:38:00,45623.98,Card,Mastercard_credit,511111,basic,5045,B2B wholesale,True,True,True,0.02,912.48,164.25,above_20L,clean
TXN_000205,2026-08-23 11:42:28,2226.23,UPI,bank_UPI,,N/A,5045,B2B wholesale,True,True,False,0.02,0.0,0.0,above_20L,clean
TXN_000206,2026-08-16 16:22:26,3141.52,UPI,bank_UPI,,N/A,5045,B2B wholesale,True,True,False,0.02,0.0,0.0,above_20L,clean
TXN_000207,2026-08-27 19:13:00,2057.75,UPI,PPI_wallet_UPI,,N/A,5045,B2B wholesale,True,True,False,0.02,22.64,4.08,above_20L,clean
TXN_000208,2026-08-16 06:02:43,53951.44,UPI,bank_UPI,,N/A,5045,B2B wholesale,True,True,True,0.02,0.0,0.0,above_20L,clean
TXN_000209,2026-08-25 15:39:18,20606.79,Card,RuPay_debit,422222,premium_rewards,5045,B2B wholesale,True,True,True,0.02,0.0,0.0,above_20L,clean
TXN_000210,2026-08-30 02:05:37,51679.43,Card,Mastercard_credit,607111,basic,5045,B2B wholesale,True,True,True,0.02,1033.59,186.05,above_20L,clean
TXN_000211,2026-08-25 00:36:43,2573.01,UPI,bank_UPI,,N/A,5045,B2B wholesale,True,True,False,0.02,0.0,0.0,above_20L,clean
TXN_000212,2026-08-20 08:54:53,13207.92,UPI,bank_UPI,,N/A,5045,B2B wholesale,True,True,True,0.02,0.0,0.0,above_20L,clean
TXN_000213,2026-08-17 14:49:46,2529.86,UPI,RuPay_credit_UPI,522222,premium_rewards,5045,B2B wholesale,True,True,False,0.02,37.95,6.83,above_20L,clean
TXN_000214,2026-08-25 15:54:19,5214.52,Card,RuPay_debit,433333,corporate,5045,B2B wholesale,True,True,False,0.02,0.0,0.0,above_20L,clean
TXN_000215,2026-08-24 08:52:57,2265.43,UPI,bank_UPI,,N/A,5045,B2B wholesale,True,True,False,0.02,0.0,0.0,above_20L,clean
TXN_000216,2026-08-16 12:13:47,3174.69,UPI,PPI_wallet_UPI,,N/A,5045,B2B wholesale,True,True,False,0.02,34.92,6.29,above_20L,clean
TXN_000217,2026-08-25 04:49:19,3131.76,UPI,bank_UPI,,N/A,5045,B2B wholesale,True,True,False,0.02,0.0,0.0,above_20L,clean
TXN_000218,2026-08-27 21:03:00,42422.16,UPI,bank_UPI,,N/A,5045,B2B wholesale,True,True,True,0.02,0.0,0.0,above_20L,clean
TXN_000219,2026-08-26 19:04:11,13163.38,Card,Debit_non_rupay,,N/A,5045,B2B wholesale,True,True,True,0.02,118.47,21.32,above_20L,clean
TXN_000220,2026-08-25 00:01:56,2387.47,UPI,bank_UPI,,N/A,5045,B2B wholesale,True,True,False,0.02,0.0,0.0,above_20L,clean
TXN_000221,2026-08-30 05:47:47,50923.17,Card,RuPay_debit,411111,basic,5045,B2B wholesale,True,True,True,0.02,0.0,0.0,above_20L,clean
TXN_000222,2026-08-17 20:54:27,6620.54,Card,Visa_credit,533333,corporate,5045,B2B wholesale,True,True,False,0.02,132.41,23.83,above_20L,clean
TXN_000223,2026-08-26 15:34:58,2184.42,UPI,RuPay_credit_UPI,522222,premium_rewards,5045,B2B wholesale,True,True,False,0.02,32.77,5.9,above_20L,clean
TXN_000224,2026-08-19 16:45:26,3029.35,UPI,bank_UPI,,N/A,5411,B2B wholesale,True,True,False,0.02,0.0,0.0,above_20L,R12_mcc_misclassification
TXN_000225,2026-08-21 18:04:14,53124.14,Card,Mastercard_credit,511111,basic,5045,B2B wholesale,True,True,True,0.02,1062.48,191.25,above_20L,clean
TXN_000226,2026-08-18 01:48:44,65374.61,UPI,bank_UPI,,N/A,5045,B2B wholesale,True,True,True,0.02,0.0,0.0,above_20L,clean
TXN_000227,2026-08-28 22:42:12,53981.54,UPI,bank_UPI,,N/A,5045,B2B wholesale,True,True,True,0.02,0.0,0.0,above_20L,clean
TXN_000228,2026-08-18 17:29:31,2625.53,UPI,RuPay_credit_UPI,433333,corporate,5045,B2B wholesale,True,True,False,0.02,39.38,7.09,above_20L,clean
TXN_000229,2026-08-26 13:27:51,26409.52,UPI,bank_UPI,,N/A,5045,B2B wholesale,True,True,True,0.02,0.0,0.0,above_20L,clean
TXN_000230,2026-08-17 02:04:08,3185.13,UPI,bank_UPI,,N/A,5045,B2B wholesale,True,True,False,0.02,0.0,0.0,above_20L,clean
TXN_000231,2026-08-29 13:08:19,21400.93,Card,RuPay_debit,422222,premium_rewards,5045,B2B wholesale,True,True,True,0.02,0.0,0.0,above_20L,clean
TXN_000232,2026-08-28 00:11:08,58790.21,Card,RuPay_debit,607222,corporate,5411,B2B wholesale,True,True,True,0.02,0.0,0.0,above_20L,R12_mcc_misclassification
TXN_000233,2026-08-23 16:32:18,2384.98,UPI,bank_UPI,,N/A,5411,B2B wholesale,True,True,False,0.02,0.0,0.0,above_20L,R12_mcc_misclassification
TXN_000234,2026-08-16 09:42:07,37702.32,UPI,bank_UPI,,N/A,5411,B2B wholesale,True,True,True,0.02,0.0,0.0,above_20L,R12_mcc_misclassification
TXN_000235,2026-08-16 06:23:35,3201.11,UPI,bank_UPI,,N/A,5045,B2B wholesale,True,True,False,0.02,0.0,0.0,above_20L,clean
TXN_000236,2026-08-26 04:59:29,36340.23,UPI,RuPay_credit_UPI,533333,corporate,5045,B2B wholesale,True,True,True,0.02,545.1,98.12,above_20L,clean
TXN_000237,2026-08-17 16:14:28,2579.48,UPI,bank_UPI,,N/A,5045,B2B wholesale,True,True,False,0.02,0.0,0.0,above_20L,clean
TXN_000238,2026-08-23 07:21:53,58952.22,Card,RuPay_debit,511111,basic,5045,B2B wholesale,True,True,True,0.02,0.0,0.0,above_20L,clean
TXN_000239,2026-08-24 19:54:23,32392.81,UPI,bank_UPI,,N/A,5045,B2B wholesale,True,True,True,0.02,0.0,0.0,above_20L,clean
TXN_000240,2026-08-18 23:38:55,2232.52,UPI,bank_UPI,,N/A,5045,B2B wholesale,True,True,False,0.02,0.0,0.0,above_20L,clean
TXN_000241,2026-08-24 07:14:04,42893.2,Card,Mastercard_credit,433333,corporate,5045,B2B wholesale,False,False,True,0.02,1201.01,216.18,above_20L,R10_l2_l3_downgrade
TXN_000242,2026-08-21 13:30:15,2039.59,UPI,bank_UPI,,N/A,5045,B2B wholesale,True,True,False,0.02,0.0,0.0,above_20L,clean
TXN_000243,2026-08-26 18:35:58,2214.38,UPI,bank_UPI,,N/A,5045,B2B wholesale,True,True,False,0.02,0.0,0.0,above_20L,clean
TXN_000244,2026-08-26 09:05:34,3060.91,UPI,bank_UPI,,N/A,5045,B2B wholesale,True,True,False,0.02,0.0,0.0,above_20L,clean
TXN_000245,2026-08-22 15:50:38,44899.5,Card,Mastercard_credit,511111,basic,5045,B2B wholesale,True,True,True,0.02,897.99,161.64,above_20L,clean
TXN_000246,2026-08-22 21:40:58,2975.18,UPI,RuPay_credit_UPI,522222,premium_rewards,5045,B2B wholesale,True,True,False,0.02,44.63,8.03,above_20L,clean
TXN_000247,2026-08-21 22:05:42,60592.62,Card,Visa_credit,411111,basic,5045,B2B wholesale,True,True,True,0.02,1211.85,218.13,above_20L,clean
TXN_000248,2026-08-21 06:52:29,3169.85,UPI,bank_UPI,,N/A,5045,B2B wholesale,True,True,False,0.02,0.0,0.0,above_20L,clean
TXN_000249,2026-08-16 13:11:06,17715.46,Card,RuPay_debit,422222,premium_rewards,5045,B2B wholesale,True,True,True,0.02,0.0,0.0,above_20L,clean
TXN_000250,2026-08-22 07:44:34,59282.82,Card,RuPay_debit,522222,premium_rewards,5045,B2B wholesale,True,True,True,0.02,0.0,0.0,above_20L,clean
TXN_000251,2026-08-24 06:51:33,18967.94,Card,Visa_credit,411111,basic,5411,B2B wholesale,True,True,True,0.02,379.36,68.28,above_20L,R12_mcc_misclassification
TXN_000252,2026-08-18 07:01:33,2373.5,UPI,bank_UPI,,N/A,5045,B2B wholesale,True,True,False,0.02,0.0,0.0,above_20L,clean
TXN_000253,2026-08-16 04:10:27,3087.25,UPI,bank_UPI,,N/A,5045,B2B wholesale,True,True,False,0.02,0.0,0.0,above_20L,clean
TXN_000254,2026-08-24 18:39:26,2962.76,UPI,RuPay_credit_UPI,433333,corporate,5045,B2B wholesale,False,False,False,0.02,68.14,12.27,above_20L,R10_l2_l3_downgrade
TXN_000255,2026-08-25 12:13:30,2040.32,UPI,bank_UPI,,N/A,5411,B2B wholesale,True,True,False,0.02,0.0,0.0,above_20L,R12_mcc_misclassification
TXN_000256,2026-08-28 15:43:52,2868.36,UPI,RuPay_credit_UPI,533333,corporate,5045,B2B wholesale,False,False,False,0.02,65.98,11.88,above_20L,R10_l2_l3_downgrade
TXN_000257,2026-08-22 00:58:05,2995.96,UPI,bank_UPI,,N/A,5411,B2B wholesale,True,True,False,0.02,0.0,0.0,above_20L,R12_mcc_misclassification
TXN_000258,2026-08-26 09:55:40,2239.88,UPI,RuPay_credit_UPI,607111,basic,5045,B2B wholesale,True,True,False,0.02,33.6,6.05,above_20L,clean
TXN_000259,2026-08-21 06:32:12,69648.57,Card,Mastercard_credit,511111,basic,5045,B2B wholesale,True,True,True,0.02,1392.97,250.73,above_20L,clean
TXN_000260,2026-08-24 05:04:47,2006.61,UPI,bank_UPI,,N/A,5045,B2B wholesale,True,True,False,0.02,0.0,0.0,above_20L,clean
TXN_000261,2026-08-27 14:08:47,66746.29,Card,Visa_credit,422222,premium_rewards,5045,B2B wholesale,True,True,True,0.02,1334.93,240.29,above_20L,clean
TXN_000262,2026-08-18 13:10:56,7207.62,UPI,bank_UPI,,N/A,5411,B2B wholesale,True,True,False,0.02,0.0,0.0,above_20L,R12_mcc_misclassification
TXN_000263,2026-08-19 00:48:52,68200.64,Card,RuPay_debit,422222,premium_rewards,5045,B2B wholesale,True,True,True,0.02,0.0,0.0,above_20L,clean
TXN_000264,2026-08-27 16:14:56,16917.38,Card,Visa_credit,433333,corporate,5045,B2B wholesale,True,True,True,0.02,338.35,60.9,above_20L,clean
TXN_000265,2026-08-26 03:32:30,2637.69,UPI,bank_UPI,,N/A,5045,B2B wholesale,True,True,False,0.02,0.0,0.0,above_20L,clean
TXN_000266,2026-08-22 14:14:14,2980.2,UPI,bank_UPI,,N/A,5045,B2B wholesale,True,True,False,0.02,0.0,0.0,above_20L,clean
TXN_000267,2026-08-16 16:31:42,2099.57,UPI,bank_UPI,,N/A,5411,B2B wholesale,True,True,False,0.02,0.0,0.0,above_20L,R12_mcc_misclassification
TXN_000268,2026-08-17 16:37:36,2685.88,UPI,bank_UPI,,N/A,5045,B2B wholesale,True,True,False,0.02,0.0,0.0,above_20L,clean
TXN_000269,2026-08-19 05:43:16,23515.11,UPI,PPI_wallet_UPI,,N/A,5045,B2B wholesale,True,True,True,0.02,258.67,46.56,above_20L,clean
TXN_000270,2026-08-28 21:03:09,2717.9,UPI,bank_UPI,,N/A,5045,B2B wholesale,True,True,False,0.02,0.0,0.0,above_20L,clean
TXN_000271,2026-08-24 10:27:40,21844.12,UPI,bank_UPI,,N/A,5411,B2B wholesale,True,True,True,0.02,0.0,0.0,above_20L,R12_mcc_misclassification
TXN_000272,2026-08-19 05:28:43,25533.19,Card,,511111,basic,5045,B2B wholesale,True,True,True,0.02,510.66,91.92,above_20L,exception_missing_tag
TXN_000273,2026-08-28 12:12:32,64163.11,Card,Visa_credit,411111,basic,5045,B2B wholesale,True,True,True,0.02,1283.26,230.99,above_20L,clean
TXN_000274,2026-08-16 20:12:36,67427.41,Card,RuPay_debit,411111,basic,5411,B2B wholesale,True,True,True,0.02,0.0,0.0,above_20L,R12_mcc_misclassification
TXN_000275,2026-08-25 20:52:16,33556.19,Card,Visa_credit,411111,basic,5045,B2B wholesale,True,True,True,0.02,671.12,120.8,above_20L,clean
TXN_000276,2026-08-29 17:37:57,69323.0,Card,RuPay_debit,607111,basic,5045,B2B wholesale,True,True,True,0.02,0.0,0.0,above_20L,clean
TXN_000277,2026-08-29 08:44:03,13286.2,Card,,433333,corporate,5045,B2B wholesale,True,True,True,0.02,0.0,0.0,above_20L,exception_missing_tag
TXN_000278,2026-08-23 15:33:34,34503.38,UPI,bank_UPI,,N/A,5045,B2B wholesale,True,True,True,0.02,0.0,0.0,above_20L,clean
TXN_000279,2026-08-20 09:31:23,2452.78,UPI,bank_UPI,,N/A,5045,B2B wholesale,True,True,False,0.02,0.0,0.0,above_20L,clean
TXN_000280,2026-08-22 12:12:51,53410.62,UPI,,,N/A,5045,B2B wholesale,True,True,True,0.02,0.0,0.0,above_20L,exception_missing_tag
TXN_000281,2026-08-20 10:52:33,2392.22,UPI,bank_UPI,,N/A,5045,B2B wholesale,True,True,False,0.02,0.0,0.0,above_20L,clean
TXN_000282,2026-08-15 13:55:45,8204.02,Card,RuPay_debit,607111,basic,5045,B2B wholesale,True,True,False,0.02,0.0,0.0,above_20L,clean
TXN_000283,2026-08-15 11:47:10,2526.57,UPI,bank_UPI,,N/A,5045,B2B wholesale,True,True,False,0.02,0.0,0.0,above_20L,clean
TXN_000284,2026-08-15 10:36:20,2745.63,UPI,bank_UPI,,N/A,5045,B2B wholesale,True,True,False,0.02,0.0,0.0,above_20L,clean
TXN_000285,2026-08-22 18:11:22,23715.32,UPI,bank_UPI,,N/A,5045,B2B wholesale,True,True,True,0.02,0.0,0.0,above_20L,clean
TXN_000286,2026-08-19 20:55:08,2169.21,UPI,bank_UPI,,N/A,5045,B2B wholesale,True,True,False,0.02,0.0,0.0,above_20L,clean
TXN_000287,2026-08-28 07:26:13,66134.25,Card,RuPay_debit,607111,basic,5045,B2B wholesale,True,True,True,0.02,0.0,0.0,above_20L,clean
TXN_000288,2026-08-22 17:45:42,3129.78,UPI,bank_UPI,,N/A,5045,B2B wholesale,True,True,False,0.02,0.0,0.0,above_20L,clean
TXN_000289,2026-08-27 20:50:24,2512.42,UPI,,,N/A,5045,B2B wholesale,True,True,False,0.02,0.0,0.0,above_20L,exception_missing_tag
TXN_000290,2026-08-20 11:04:04,2041.93,UPI,,,N/A,5045,B2B wholesale,True,True,False,0.02,0.0,0.0,above_20L,exception_missing_tag
TXN_000291,2026-08-18 12:33:04,2945.42,UPI,RuPay_credit_UPI,433333,corporate,5045,B2B wholesale,True,True,False,0.02,44.18,7.95,above_20L,clean
TXN_000292,2026-08-17 08:14:50,2539.12,UPI,bank_UPI,,N/A,5045,B2B wholesale,True,True,False,0.02,0.0,0.0,above_20L,clean
TXN_000293,2026-08-27 07:14:29,39254.38,Card,Debit_non_rupay,,N/A,5045,B2B wholesale,True,True,True,0.02,353.29,63.59,above_20L,clean
TXN_000294,2026-08-22 20:57:59,2968.47,UPI,,,N/A,5045,B2B wholesale,True,True,False,0.02,0.0,0.0,above_20L,exception_missing_tag
TXN_000295,2026-08-27 05:16:56,3263.02,UPI,bank_UPI,,N/A,5045,B2B wholesale,True,True,False,0.02,0.0,0.0,above_20L,clean
TXN_000296,2026-08-26 17:11:52,2890.42,UPI,PPI_wallet_UPI,,N/A,5045,B2B wholesale,True,True,False,0.02,31.79,5.72,above_20L,clean
TXN_000297,2026-08-15 21:26:11,3241.9,UPI,bank_UPI,,N/A,5045,B2B wholesale,True,True,False,0.02,0.0,0.0,above_20L,clean
TXN_000298,2026-08-16 14:19:07,10269.91,UPI,bank_UPI,,N/A,5045,B2B wholesale,True,True,True,0.02,0.0,0.0,above_20L,clean
TXN_000299,2026-08-29 13:43:32,49751.11,Card,Mastercard_credit,522222,premium_rewards,5045,B2B wholesale,True,True,True,0.02,995.02,179.1,above_20L,clean
TXN_000300,2026-08-19 11:02:52,2841.09,UPI,bank_UPI,,N/A,5045,B2B wholesale,True,True,False,0.02,0.0,0.0,above_20L,clean
TXN_000301,2026-08-28 19:34:11,19138.93,UPI,bank_UPI,,N/A,5045,B2B wholesale,True,True,True,0.02,0.0,0.0,above_20L,clean
TXN_000302,2026-08-16 19:41:20,49246.71,Card,RuPay_debit,422222,premium_rewards,5045,B2B wholesale,True,True,True,0.02,0.0,0.0,above_20L,clean
TXN_000303,2026-08-24 20:47:10,52112.78,Card,Mastercard_credit,411111,basic,5045,B2B wholesale,True,True,True,0.02,1042.26,187.61,above_20L,clean
TXN_000304,2026-08-18 13:59:03,2969.0,UPI,bank_UPI,,N/A,5045,B2B wholesale,True,True,False,0.02,0.0,0.0,above_20L,clean
TXN_000305,2026-08-20 03:43:54,19172.08,UPI,bank_UPI,,N/A,5045,B2B wholesale,True,True,True,0.02,0.0,0.0,above_20L,clean
TXN_000306,2026-08-17 16:19:52,2724.5,UPI,bank_UPI,,N/A,5045,B2B wholesale,True,True,False,0.02,0.0,0.0,above_20L,clean
TXN_000307,2026-08-18 19:45:31,16671.07,Card,RuPay_debit,533333,corporate,5045,B2B wholesale,True,True,True,0.02,0.0,0.0,above_20L,clean
TXN_000308,2026-08-18 00:04:23,2084.76,UPI,bank_UPI,,N/A,5045,B2B wholesale,True,True,False,0.02,0.0,0.0,above_20L,clean
TXN_000309,2026-08-23 16:47:25,2038.55,UPI,bank_UPI,,N/A,5045,B2B wholesale,True,True,False,0.02,0.0,0.0,above_20L,clean
TXN_000310,2026-08-16 05:30:16,3055.9,UPI,bank_UPI,,N/A,5045,B2B wholesale,True,True,False,0.02,0.0,0.0,above_20L,clean
TXN_000311,2026-08-27 17:21:52,5927.96,Card,RuPay_debit,422222,premium_rewards,5045,B2B wholesale,True,True,False,0.02,0.0,0.0,above_20L,clean
TXN_000312,2026-08-22 02:49:06,2409.42,UPI,bank_UPI,,N/A,5411,B2B wholesale,True,True,False,0.02,0.0,0.0,above_20L,R12_mcc_misclassification
TXN_000313,2026-08-26 19:13:15,2224.21,UPI,bank_UPI,,N/A,5045,B2B wholesale,True,True,False,0.02,0.0,0.0,above_20L,clean
TXN_000314,2026-08-19 02:58:10,19201.01,UPI,bank_UPI,,N/A,5045,B2B wholesale,True,True,True,0.02,0.0,0.0,above_20L,clean
TXN_000315,2026-08-16 19:25:09,3260.4,UPI,bank_UPI,,N/A,5411,B2B wholesale,True,True,False,0.02,0.0,0.0,above_20L,R12_mcc_misclassification
TXN_000316,2026-08-16 10:19:47,2395.19,UPI,bank_UPI,,N/A,5045,B2B wholesale,True,True,False,0.02,0.0,0.0,above_20L,clean
TXN_000317,2026-08-28 10:25:21,2530.38,UPI,bank_UPI,,N/A,5411,B2B wholesale,True,True,False,0.02,0.0,0.0,above_20L,R12_mcc_misclassification
TXN_000318,2026-08-29 12:45:36,3154.87,UPI,PPI_wallet_UPI,,N/A,5045,B2B wholesale,True,True,False,0.02,34.7,6.25,above_20L,clean
TXN_000319,2026-08-25 08:35:46,66817.17,UPI,bank_UPI,,N/A,5045,B2B wholesale,True,True,True,0.02,0.0,0.0,above_20L,clean
TXN_000320,2026-08-18 11:25:02,2773.17,UPI,bank_UPI,,N/A,5045,B2B wholesale,True,True,False,0.02,0.0,0.0,above_20L,clean
TXN_000321,2026-08-20 16:54:28,46114.86,Card,Visa_credit,533333,corporate,5045,B2B wholesale,True,True,True,0.02,922.3,166.01,above_20L,clean
TXN_000322,2026-08-30 07:18:13,2577.88,UPI,bank_UPI,,N/A,5045,B2B wholesale,True,True,False,0.02,0.0,0.0,above_20L,clean
TXN_000323,2026-08-15 16:30:23,2657.54,UPI,bank_UPI,,N/A,5045,B2B wholesale,True,True,False,0.02,0.0,0.0,above_20L,clean
TXN_000324,2026-08-19 16:41:23,59308.05,Card,RuPay_debit,422222,premium_rewards,5045,B2B wholesale,True,True,True,0.02,0.0,0.0,above_20L,clean
TXN_000325,2026-08-24 23:13:34,2055.44,UPI,bank_UPI,,N/A,5045,B2B wholesale,True,True,False,0.02,0.0,0.0,above_20L,clean
TXN_000326,2026-08-17 10:44:18,2075.29,UPI,bank_UPI,,N/A,5411,B2B wholesale,True,True,False,0.02,0.0,0.0,above_20L,R12_mcc_misclassification
TXN_000327,2026-08-25 08:31:56,33518.23,Card,RuPay_debit,422222,premium_rewards,5045,B2B wholesale,True,True,True,0.02,0.0,0.0,above_20L,clean
TXN_000328,2026-08-15 20:58:33,65833.66,Card,RuPay_debit,422222,premium_rewards,5045,B2B wholesale,True,True,True,0.02,0.0,0.0,above_20L,clean
TXN_000329,2026-08-21 19:16:58,69302.9,Card,RuPay_debit,533333,corporate,5045,B2B wholesale,True,True,True,0.02,0.0,0.0,above_20L,clean
TXN_000330,2026-08-18 09:17:45,55019.23,UPI,bank_UPI,,N/A,5045,B2B wholesale,True,True,True,0.02,0.0,0.0,above_20L,clean
TXN_000331,2026-08-28 22:06:58,22193.45,UPI,bank_UPI,,N/A,5045,B2B wholesale,True,True,True,0.02,0.0,0.0,above_20L,clean
TXN_000332,2026-08-20 16:27:34,2805.11,UPI,bank_UPI,,N/A,5045,B2B wholesale,True,True,False,0.02,0.0,0.0,above_20L,clean
TXN_000333,2026-08-25 13:29:15,20263.89,Card,Debit_non_rupay,,N/A,5045,B2B wholesale,True,True,True,0.02,182.38,32.83,above_20L,clean
TXN_000334,2026-08-26 06:25:14,2830.26,UPI,bank_UPI,,N/A,5045,B2B wholesale,True,True,False,0.02,0.0,0.0,above_20L,clean
TXN_000335,2026-08-23 00:55:46,63880.5,Card,RuPay_debit,511111,basic,5045,B2B wholesale,True,True,True,0.02,0.0,0.0,above_20L,clean
TXN_000336,2026-08-18 04:48:36,15747.37,Card,RuPay_debit,607222,corporate,5045,B2B wholesale,True,True,True,0.02,0.0,0.0,above_20L,clean
TXN_000337,2026-08-26 06:18:07,10928.95,Card,RuPay_debit,433333,corporate,5045,B2B wholesale,False,False,True,0.02,87.43,15.74,above_20L,R10_l2_l3_downgrade
TXN_000338,2026-08-17 01:09:13,39429.09,Card,,422222,premium_rewards,5045,B2B wholesale,True,True,True,0.02,0.0,0.0,above_20L,exception_missing_tag
TXN_000339,2026-08-24 10:23:15,24957.19,Card,RuPay_debit,511111,basic,5045,B2B wholesale,True,True,True,0.02,0.0,0.0,above_20L,clean
TXN_000340,2026-08-16 06:23:41,3249.49,UPI,,,N/A,5045,B2B wholesale,True,True,False,0.02,35.74,6.43,above_20L,exception_missing_tag
TXN_000341,2026-08-16 21:57:05,56397.69,UPI,,,N/A,5045,B2B wholesale,True,True,True,0.02,0.0,0.0,above_20L,exception_missing_tag
TXN_000342,2026-08-16 02:30:19,2893.99,UPI,bank_UPI,,N/A,5045,B2B wholesale,True,True,False,0.02,0.0,0.0,above_20L,clean
TXN_000343,2026-08-16 08:21:22,40025.02,Card,Visa_credit,607111,basic,5045,B2B wholesale,True,True,True,0.02,800.5,144.09,above_20L,clean
TXN_000344,2026-08-28 18:26:47,2029.89,UPI,bank_UPI,,N/A,5045,B2B wholesale,True,True,False,0.02,0.0,0.0,above_20L,clean
TXN_000345,2026-08-18 21:38:10,64067.96,UPI,PPI_wallet_UPI,,N/A,5045,B2B wholesale,True,True,True,0.02,704.75,126.85,above_20L,clean
TXN_000346,2026-08-15 21:29:55,52659.02,UPI,bank_UPI,,N/A,5045,B2B wholesale,True,True,True,0.02,0.0,0.0,above_20L,clean
TXN_000347,2026-08-21 04:08:37,2705.59,UPI,RuPay_credit_UPI,422222,premium_rewards,5411,B2B wholesale,True,True,False,0.02,40.58,7.3,above_20L,R12_mcc_misclassification
TXN_000348,2026-08-18 23:39:07,24935.41,UPI,bank_UPI,,N/A,5045,B2B wholesale,True,True,True,0.02,0.0,0.0,above_20L,clean
TXN_000349,2026-08-27 10:20:12,69100.99,UPI,RuPay_credit_UPI,522222,premium_rewards,5045,B2B wholesale,True,True,True,0.02,1036.51,186.57,above_20L,clean
TXN_000350,2026-08-24 12:49:44,2549.81,UPI,bank_UPI,,N/A,5045,B2B wholesale,True,True,False,0.02,0.0,0.0,above_20L,clean
TXN_000351,2026-08-18 17:00:39,2428.64,UPI,bank_UPI,,N/A,5411,B2B wholesale,True,True,False,0.02,0.0,0.0,above_20L,R12_mcc_misclassification
TXN_000352,2026-08-24 16:37:38,61679.62,UPI,bank_UPI,,N/A,5045,B2B wholesale,True,True,True,0.02,0.0,0.0,above_20L,clean
TXN_000353,2026-08-29 06:02:38,3253.57,UPI,bank_UPI,,N/A,5411,B2B wholesale,True,True,False,0.02,0.0,0.0,above_20L,R12_mcc_misclassification
TXN_000354,2026-08-20 03:16:47,23662.36,Card,Mastercard_credit,533333,corporate,5045,B2B wholesale,True,True,True,0.02,473.25,85.19,above_20L,clean
TXN_000355,2026-08-19 08:08:03,2643.12,UPI,RuPay_credit_UPI,533333,corporate,5045,B2B wholesale,False,False,False,0.02,60.79,10.94,above_20L,R10_l2_l3_downgrade
TXN_000356,2026-08-29 20:24:31,62298.67,Card,RuPay_debit,607111,basic,5045,B2B wholesale,True,True,True,0.02,0.0,0.0,above_20L,clean
TXN_000357,2026-08-23 21:28:27,39958.62,UPI,bank_UPI,,N/A,5045,B2B wholesale,True,True,True,0.02,0.0,0.0,above_20L,clean
TXN_000358,2026-08-23 10:20:59,42976.58,UPI,bank_UPI,,N/A,5045,B2B wholesale,True,True,True,0.02,0.0,0.0,above_20L,clean
TXN_000359,2026-08-19 15:58:21,2450.74,UPI,RuPay_credit_UPI,433333,corporate,5045,B2B wholesale,True,True,False,0.02,36.76,6.62,above_20L,clean
TXN_000360,2026-08-22 12:05:18,54490.78,UPI,bank_UPI,,N/A,5045,B2B wholesale,True,True,True,0.02,0.0,0.0,above_20L,clean
TXN_000361,2026-08-30 08:54:57,65866.58,UPI,bank_UPI,,N/A,5045,B2B wholesale,True,True,True,0.02,0.0,0.0,above_20L,clean
TXN_000362,2026-08-17 06:02:24,3030.18,UPI,bank_UPI,,N/A,5045,B2B wholesale,True,True,False,0.02,0.0,0.0,above_20L,clean
TXN_000363,2026-08-17 00:32:03,3275.6,UPI,bank_UPI,,N/A,5411,B2B wholesale,True,True,False,0.02,0.0,0.0,above_20L,R12_mcc_misclassification
TXN_000364,2026-08-18 00:24:23,2882.9,UPI,RuPay_credit_UPI,511111,basic,5045,B2B wholesale,True,True,False,0.02,43.24,7.78,above_20L,clean
TXN_000365,2026-08-22 18:32:35,44118.33,UPI,bank_UPI,,N/A,5045,B2B wholesale,True,True,True,0.02,0.0,0.0,above_20L,clean
TXN_000366,2026-08-28 18:48:30,2848.85,UPI,PPI_wallet_UPI,,N/A,5045,B2B wholesale,True,True,False,0.02,31.34,5.64,above_20L,clean
TXN_000367,2026-08-26 18:38:10,2233.47,UPI,,,N/A,5045,B2B wholesale,True,True,False,0.02,0.0,0.0,above_20L,exception_missing_tag
TXN_000368,2026-08-17 13:17:37,23208.46,Card,RuPay_debit,607222,corporate,5045,B2B wholesale,False,False,True,0.02,185.67,33.42,above_20L,R10_l2_l3_downgrade
TXN_000369,2026-08-27 15:13:03,33475.42,Card,,522222,premium_rewards,5045,B2B wholesale,True,True,True,0.02,0.0,0.0,above_20L,exception_missing_tag
TXN_000370,2026-08-21 07:27:18,2148.93,UPI,RuPay_credit_UPI,511111,basic,5045,B2B wholesale,True,True,False,0.02,32.23,5.8,above_20L,clean
TXN_000371,2026-08-20 01:42:55,39000.49,Card,RuPay_debit,433333,corporate,5045,B2B wholesale,True,True,True,0.02,0.0,0.0,above_20L,clean
TXN_000372,2026-08-16 05:49:55,50400.77,Card,,607111,basic,5045,B2B wholesale,True,True,True,0.02,0.0,0.0,above_20L,exception_missing_tag
TXN_000373,2026-08-24 03:00:56,46438.02,Card,RuPay_debit,422222,premium_rewards,5411,B2B wholesale,True,True,True,0.02,0.0,0.0,above_20L,R12_mcc_misclassification
TXN_000374,2026-08-24 17:45:27,2775.47,UPI,bank_UPI,,N/A,5045,B2B wholesale,True,True,False,0.02,0.0,0.0,above_20L,clean
TXN_000375,2026-08-15 16:59:59,7996.02,UPI,PPI_wallet_UPI,,N/A,5411,B2B wholesale,True,True,False,0.02,87.96,15.83,above_20L,R12_mcc_misclassification
TXN_000376,2026-08-16 20:30:25,3273.1,UPI,bank_UPI,,N/A,5045,B2B wholesale,True,True,False,0.02,0.0,0.0,above_20L,clean
TXN_000377,2026-08-17 02:19:00,47108.74,Card,Visa_credit,433333,corporate,5045,B2B wholesale,True,True,True,0.02,942.17,169.59,above_20L,clean
TXN_000378,2026-08-24 08:46:49,14094.52,Card,Visa_credit,607222,corporate,5045,B2B wholesale,True,True,True,0.02,281.89,50.74,above_20L,clean
TXN_000379,2026-08-23 05:30:45,15747.32,UPI,RuPay_credit_UPI,607222,corporate,5045,B2B wholesale,True,True,True,0.02,236.21,42.52,above_20L,clean
TXN_000380,2026-08-21 19:27:33,20257.62,Card,RuPay_debit,433333,corporate,5045,B2B wholesale,True,True,True,0.02,0.0,0.0,above_20L,clean
TXN_000381,2026-08-18 09:33:36,41296.32,Card,RuPay_debit,522222,premium_rewards,5045,B2B wholesale,True,True,True,0.02,0.0,0.0,above_20L,clean
TXN_000382,2026-08-15 21:24:25,2164.39,UPI,bank_UPI,,N/A,5045,B2B wholesale,True,True,False,0.02,0.0,0.0,above_20L,clean
TXN_000383,2026-08-20 16:41:53,2875.99,UPI,bank_UPI,,N/A,5411,B2B wholesale,True,True,False,0.02,0.0,0.0,above_20L,R12_mcc_misclassification
TXN_000384,2026-08-27 05:32:50,2049.12,UPI,PPI_wallet_UPI,,N/A,5411,B2B wholesale,True,True,False,0.02,22.54,4.06,above_20L,R12_mcc_misclassification
TXN_000385,2026-08-22 05:40:48,63470.0,UPI,,,N/A,5045,B2B wholesale,True,True,True,0.02,0.0,0.0,above_20L,exception_missing_tag
TXN_000386,2026-08-16 14:19:25,44397.62,UPI,bank_UPI,,N/A,5045,B2B wholesale,True,True,True,0.02,0.0,0.0,above_20L,clean
TXN_000387,2026-08-22 10:40:53,2253.01,UPI,PPI_wallet_UPI,,N/A,5045,B2B wholesale,True,True,False,0.02,24.78,4.46,above_20L,clean
TXN_000388,2026-08-25 17:04:11,4773.74,Card,Visa_credit,533333,corporate,5045,B2B wholesale,True,True,False,0.02,95.47,17.18,above_20L,clean
TXN_000389,2026-08-27 09:07:42,47501.24,Card,RuPay_debit,607222,corporate,5411,B2B wholesale,True,True,True,0.02,0.0,0.0,above_20L,R12_mcc_misclassification
TXN_000390,2026-08-19 12:53:02,26638.31,UPI,bank_UPI,,N/A,5045,B2B wholesale,True,True,True,0.02,0.0,0.0,above_20L,clean
TXN_000391,2026-08-17 16:20:46,3126.25,UPI,bank_UPI,,N/A,5045,B2B wholesale,True,True,False,0.02,0.0,0.0,above_20L,clean
TXN_000392,2026-08-17 14:46:21,36207.16,Card,RuPay_debit,607111,basic,5045,B2B wholesale,True,True,True,0.02,0.0,0.0,above_20L,clean
TXN_000393,2026-08-18 04:58:43,2579.26,UPI,PPI_wallet_UPI,,N/A,5045,B2B wholesale,True,True,False,0.02,28.37,5.11,above_20L,clean
TXN_000394,2026-08-29 18:54:07,2766.42,UPI,PPI_wallet_UPI,,N/A,5045,B2B wholesale,True,True,False,0.02,30.43,5.48,above_20L,clean
TXN_000395,2026-08-21 10:12:15,11430.18,UPI,bank_UPI,,N/A,5045,B2B wholesale,True,True,True,0.02,0.0,0.0,above_20L,clean
TXN_000396,2026-08-26 15:11:51,8202.74,Card,,533333,corporate,5045,B2B wholesale,True,True,False,0.02,0.0,0.0,above_20L,exception_missing_tag
TXN_000397,2026-08-26 03:40:30,56243.27,UPI,bank_UPI,,N/A,5045,B2B wholesale,True,True,True,0.02,0.0,0.0,above_20L,clean
TXN_000398,2026-08-17 05:39:36,2013.45,UPI,RuPay_credit_UPI,511111,basic,5045,B2B wholesale,True,True,False,0.02,30.2,5.44,above_20L,clean
TXN_000399,2026-08-25 17:22:39,68904.72,UPI,bank_UPI,,N/A,5411,B2B wholesale,True,True,True,0.02,0.0,0.0,above_20L,R12_mcc_misclassification
TXN_000400,2026-08-28 02:09:04,2020.88,UPI,bank_UPI,,N/A,5045,B2B wholesale,True,True,False,0.02,0.0,0.0,above_20L,clean
TXN_000401,2026-08-16 12:40:48,23481.06,Card,RuPay_debit,511111,basic,5045,B2B wholesale,True,True,True,0.02,0.0,0.0,above_20L,clean
TXN_000402,2026-08-30 01:03:42,2405.67,UPI,bank_UPI,,N/A,5045,B2B wholesale,True,True,False,0.02,0.0,0.0,above_20L,clean
TXN_000403,2026-08-28 22:05:26,2253.43,UPI,bank_UPI,,N/A,5045,B2B wholesale,True,True,False,0.02,0.0,0.0,above_20L,clean
TXN_000404,2026-08-21 10:35:50,2029.9,UPI,bank_UPI,,N/A,5411,B2B wholesale,True,True,False,0.02,0.0,0.0,above_20L,R12_mcc_misclassification
TXN_000405,2026-08-18 17:16:06,38579.63,UPI,bank_UPI,,N/A,5045,B2B wholesale,True,True,True,0.02,0.0,0.0,above_20L,clean
TXN_000406,2026-08-26 13:30:42,2610.4,UPI,bank_UPI,,N/A,5045,B2B wholesale,True,True,False,0.02,0.0,0.0,above_20L,clean
TXN_000407,2026-08-20 07:34:02,2708.84,UPI,bank_UPI,,N/A,5045,B2B wholesale,True,True,False,0.02,0.0,0.0,above_20L,clean
TXN_000408,2026-08-29 23:59:41,21033.8,UPI,bank_UPI,,N/A,5045,B2B wholesale,True,True,True,0.02,0.0,0.0,above_20L,clean
TXN_000409,2026-08-25 02:34:57,2878.42,UPI,bank_UPI,,N/A,5045,B2B wholesale,True,True,False,0.02,0.0,0.0,above_20L,clean
TXN_000410,2026-08-30 00:45:47,54551.51,UPI,bank_UPI,,N/A,5045,B2B wholesale,True,True,True,0.02,0.0,0.0,above_20L,clean
TXN_000411,2026-08-27 08:46:07,3014.15,UPI,bank_UPI,,N/A,5045,B2B wholesale,True,True,False,0.02,0.0,0.0,above_20L,clean
TXN_000412,2026-08-26 00:16:06,2667.12,UPI,PPI_wallet_UPI,,N/A,5045,B2B wholesale,True,True,False,0.02,29.34,5.28,above_20L,clean
TXN_000413,2026-08-18 05:14:49,69474.63,UPI,bank_UPI,,N/A,5045,B2B wholesale,True,True,True,0.02,0.0,0.0,above_20L,clean
TXN_000414,2026-08-16 09:03:10,3178.86,UPI,bank_UPI,,N/A,5045,B2B wholesale,True,True,False,0.02,0.0,0.0,above_20L,clean
TXN_000415,2026-08-23 01:38:49,2049.9,UPI,bank_UPI,,N/A,5045,B2B wholesale,True,True,False,0.02,0.0,0.0,above_20L,clean
TXN_000416,2026-08-17 01:48:02,3267.46,UPI,RuPay_credit_UPI,607111,basic,5045,B2B wholesale,True,True,False,0.02,49.01,8.82,above_20L,clean
TXN_000417,2026-08-21 12:32:06,22716.52,Card,RuPay_debit,607111,basic,5045,B2B wholesale,True,True,True,0.02,0.0,0.0,above_20L,clean
TXN_000418,2026-08-29 16:13:34,3166.62,UPI,bank_UPI,,N/A,5045,B2B wholesale,True,True,False,0.02,0.0,0.0,above_20L,clean
TXN_000419,2026-08-24 21:29:16,63782.54,Card,RuPay_debit,522222,premium_rewards,5045,B2B wholesale,True,True,True,0.02,0.0,0.0,above_20L,clean
TXN_000420,2026-08-21 08:22:08,2957.22,UPI,bank_UPI,,N/A,5045,B2B wholesale,True,True,False,0.02,0.0,0.0,above_20L,clean
TXN_000421,2026-08-21 12:30:03,54213.72,Card,RuPay_debit,511111,basic,5045,B2B wholesale,True,True,True,0.02,0.0,0.0,above_20L,clean
TXN_000422,2026-08-29 09:29:20,2268.65,UPI,bank_UPI,,N/A,5045,B2B wholesale,True,True,False,0.02,0.0,0.0,above_20L,clean
TXN_000423,2026-08-26 09:34:05,68937.59,UPI,PPI_wallet_UPI,,N/A,5045,B2B wholesale,True,True,True,0.02,758.31,136.5,above_20L,clean
TXN_000424,2026-08-19 09:35:03,2402.72,UPI,bank_UPI,,N/A,5045,B2B wholesale,True,True,False,0.02,0.0,0.0,above_20L,clean
TXN_000425,2026-08-26 21:14:26,2489.72,UPI,bank_UPI,,N/A,5411,B2B wholesale,True,True,False,0.02,0.0,0.0,above_20L,R12_mcc_misclassification
TXN_000426,2026-08-17 04:02:03,28265.37,UPI,,,N/A,5045,B2B wholesale,True,True,True,0.02,0.0,0.0,above_20L,exception_missing_tag
TXN_000427,2026-08-28 23:12:49,63227.68,Card,Visa_credit,522222,premium_rewards,5045,B2B wholesale,True,True,True,0.02,1264.55,227.62,above_20L,clean
TXN_000428,2026-08-17 05:55:22,56707.47,Card,Debit_non_rupay,,N/A,5045,B2B wholesale,True,True,True,0.02,510.37,91.87,above_20L,clean
TXN_000429,2026-08-22 21:43:37,60579.12,UPI,bank_UPI,,N/A,5411,B2B wholesale,True,True,True,0.02,0.0,0.0,above_20L,R12_mcc_misclassification
TXN_000430,2026-08-28 05:11:26,45949.33,UPI,bank_UPI,,N/A,5045,B2B wholesale,True,True,True,0.02,0.0,0.0,above_20L,clean
TXN_000431,2026-08-28 06:55:51,3598.48,Card,RuPay_debit,533333,corporate,5045,B2B wholesale,True,True,False,0.02,0.0,0.0,above_20L,clean
TXN_000432,2026-08-29 17:25:38,2752.33,UPI,bank_UPI,,N/A,5045,B2B wholesale,True,True,False,0.02,0.0,0.0,above_20L,clean
TXN_000433,2026-08-20 04:34:54,2446.08,UPI,bank_UPI,,N/A,5045,B2B wholesale,True,True,False,0.02,0.0,0.0,above_20L,clean
TXN_000434,2026-08-24 18:50:02,6241.09,UPI,bank_UPI,,N/A,5045,B2B wholesale,True,True,False,0.02,0.0,0.0,above_20L,clean
TXN_000435,2026-08-17 02:33:17,3268.49,UPI,RuPay_credit_UPI,411111,basic,5045,B2B wholesale,True,True,False,0.02,49.03,8.83,above_20L,clean
TXN_000436,2026-08-27 15:32:06,3055.33,UPI,bank_UPI,,N/A,5045,B2B wholesale,True,True,False,0.02,0.0,0.0,above_20L,clean
TXN_000437,2026-08-19 21:47:31,25207.11,Card,RuPay_debit,607111,basic,5411,B2B wholesale,True,True,True,0.02,0.0,0.0,above_20L,R12_mcc_misclassification
TXN_000438,2026-08-23 07:04:11,2322.78,UPI,bank_UPI,,N/A,5411,B2B wholesale,True,True,False,0.02,0.0,0.0,above_20L,R12_mcc_misclassification
TXN_000439,2026-08-25 14:38:12,47710.85,UPI,PPI_wallet_UPI,,N/A,5045,B2B wholesale,True,True,True,0.02,524.82,94.47,above_20L,clean
TXN_000440,2026-08-28 00:11:02,2514.09,UPI,bank_UPI,,N/A,5045,B2B wholesale,True,True,False,0.02,0.0,0.0,above_20L,clean
TXN_000441,2026-08-22 01:58:40,62361.69,Card,RuPay_debit,533333,corporate,5045,B2B wholesale,True,True,True,0.02,0.0,0.0,above_20L,clean
TXN_000442,2026-08-17 19:58:29,44771.46,UPI,bank_UPI,,N/A,5045,B2B wholesale,True,True,True,0.02,0.0,0.0,above_20L,clean
TXN_000443,2026-08-22 09:43:30,2293.55,UPI,bank_UPI,,N/A,5045,B2B wholesale,True,True,False,0.02,0.0,0.0,above_20L,clean
TXN_000444,2026-08-19 07:22:25,3255.92,UPI,RuPay_credit_UPI,411111,basic,5045,B2B wholesale,True,True,False,0.02,48.84,8.79,above_20L,clean
TXN_000445,2026-08-18 08:34:16,28616.91,Card,RuPay_debit,607222,corporate,5045,B2B wholesale,True,True,True,0.02,0.0,0.0,above_20L,clean
TXN_000446,2026-08-26 02:11:39,21255.53,Card,Mastercard_credit,607222,corporate,5045,B2B wholesale,True,True,True,0.02,425.11,76.52,above_20L,clean
TXN_000447,2026-08-18 22:40:25,67146.27,Card,RuPay_debit,511111,basic,5045,B2B wholesale,True,True,True,0.02,0.0,0.0,above_20L,clean
TXN_000448,2026-08-29 16:36:26,2493.42,UPI,,,N/A,5045,B2B wholesale,True,True,False,0.02,0.0,0.0,above_20L,exception_missing_tag
TXN_000449,2026-08-25 14:25:03,66208.19,Card,RuPay_debit,511111,basic,5045,B2B wholesale,True,True,True,0.02,0.0,0.0,above_20L,clean
TXN_000450,2026-08-16 00:44:23,60415.28,UPI,RuPay_credit_UPI,533333,corporate,5045,B2B wholesale,False,False,True,0.02,1389.55,250.12,above_20L,R10_l2_l3_downgrade
TXN_000451,2026-08-26 21:23:31,43904.2,Card,RuPay_debit,607111,basic,5045,B2B wholesale,True,True,True,0.02,0.0,0.0,above_20L,clean
TXN_000452,2026-08-23 01:02:30,2365.4,UPI,bank_UPI,,N/A,5045,B2B wholesale,True,True,False,0.02,0.0,0.0,above_20L,clean
TXN_000453,2026-08-23 07:41:02,2606.86,UPI,PPI_wallet_UPI,,N/A,5045,B2B wholesale,True,True,False,0.02,28.68,5.16,above_20L,clean
TXN_000454,2026-08-26 01:03:01,16055.94,Card,RuPay_debit,511111,basic,5045,B2B wholesale,True,True,True,0.02,0.0,0.0,above_20L,clean
TXN_000455,2026-08-25 02:49:02,2552.74,UPI,bank_UPI,,N/A,5045,B2B wholesale,True,True,False,0.02,0.0,0.0,above_20L,clean
TXN_000456,2026-08-18 20:45:35,2058.31,UPI,RuPay_credit_UPI,433333,corporate,5045,B2B wholesale,True,True,False,0.02,30.87,5.56,above_20L,clean
TXN_000457,2026-08-26 02:41:01,36657.23,Card,Debit_non_rupay,,N/A,5045,B2B wholesale,True,True,True,0.02,329.92,59.39,above_20L,clean
TXN_000458,2026-08-23 13:10:25,2377.83,UPI,bank_UPI,,N/A,5045,B2B wholesale,True,True,False,0.02,0.0,0.0,above_20L,clean
TXN_000459,2026-08-16 13:34:43,3269.46,UPI,bank_UPI,,N/A,5045,B2B wholesale,True,True,False,0.02,0.0,0.0,above_20L,clean
TXN_000460,2026-08-18 03:10:15,57190.45,Card,RuPay_debit,522222,premium_rewards,5045,B2B wholesale,True,True,True,0.02,0.0,0.0,above_20L,clean
TXN_000461,2026-08-25 10:30:36,31711.12,Card,Debit_non_rupay,,N/A,5045,B2B wholesale,True,True,True,0.02,285.4,51.37,above_20L,clean
TXN_000462,2026-08-24 15:11:47,3279.14,UPI,bank_UPI,,N/A,5045,B2B wholesale,True,True,False,0.02,0.0,0.0,above_20L,clean
TXN_000463,2026-08-26 15:38:48,2318.74,UPI,bank_UPI,,N/A,5045,B2B wholesale,True,True,False,0.02,0.0,0.0,above_20L,clean
TXN_000464,2026-08-22 15:31:19,2597.59,UPI,bank_UPI,,N/A,5045,B2B wholesale,True,True,False,0.02,0.0,0.0,above_20L,clean
TXN_000465,2026-08-17 10:54:00,65811.63,Card,Mastercard_credit,607111,basic,5045,B2B wholesale,True,True,True,0.02,1316.23,236.92,above_20L,clean
TXN_000466,2026-08-28 09:29:16,38157.39,Card,Debit_non_rupay,,N/A,5045,B2B wholesale,True,True,True,0.02,343.42,61.82,above_20L,clean
TXN_000467,2026-08-21 11:25:22,17026.48,Card,,422222,premium_rewards,5045,B2B wholesale,True,True,True,0.02,0.0,0.0,above_20L,exception_missing_tag
TXN_000468,2026-08-24 05:09:19,42257.75,Card,Debit_non_rupay,,N/A,5045,B2B wholesale,True,True,True,0.02,380.32,68.46,above_20L,clean
TXN_000469,2026-08-28 04:31:51,36491.94,Card,RuPay_debit,533333,corporate,5045,B2B wholesale,False,False,True,0.02,291.94,52.55,above_20L,R10_l2_l3_downgrade
TXN_000470,2026-08-15 09:31:19,2666.98,UPI,bank_UPI,,N/A,5045,B2B wholesale,True,True,False,0.02,0.0,0.0,above_20L,clean
TXN_000471,2026-08-20 01:41:55,18971.98,UPI,bank_UPI,,N/A,5045,B2B wholesale,True,True,True,0.02,0.0,0.0,above_20L,clean
TXN_000472,2026-08-23 19:48:43,28202.23,Card,RuPay_debit,411111,basic,5045,B2B wholesale,True,True,True,0.02,0.0,0.0,above_20L,clean
TXN_000473,2026-08-21 06:07:34,31516.09,UPI,bank_UPI,,N/A,5045,B2B wholesale,True,True,True,0.02,0.0,0.0,above_20L,clean
TXN_000474,2026-08-21 15:20:17,2709.39,UPI,bank_UPI,,N/A,5045,B2B wholesale,True,True,False,0.02,0.0,0.0,above_20L,clean
TXN_000475,2026-08-22 11:19:11,2761.37,UPI,RuPay_credit_UPI,511111,basic,5045,B2B wholesale,True,True,False,0.02,41.42,7.46,above_20L,clean
TXN_000476,2026-08-23 13:39:43,46497.02,UPI,PPI_wallet_UPI,,N/A,5045,B2B wholesale,True,True,True,0.02,511.47,92.06,above_20L,clean
TXN_000477,2026-08-23 06:10:23,3553.7,UPI,bank_UPI,,N/A,5045,B2B wholesale,True,True,False,0.02,0.0,0.0,above_20L,clean
TXN_000478,2026-08-18 14:47:49,10274.48,UPI,bank_UPI,,N/A,5045,B2B wholesale,True,True,True,0.02,0.0,0.0,above_20L,clean
TXN_000479,2026-08-21 07:46:59,3234.81,UPI,bank_UPI,,N/A,5045,B2B wholesale,True,True,False,0.02,0.0,0.0,above_20L,clean
TXN_000480,2026-08-16 21:35:29,2717.36,UPI,PPI_wallet_UPI,,N/A,5045,B2B wholesale,True,True,False,0.02,29.89,5.38,above_20L,clean
TXN_000481,2026-08-20 23:45:05,9066.76,UPI,bank_UPI,,N/A,5045,B2B wholesale,True,True,False,0.02,0.0,0.0,above_20L,clean
TXN_000482,2026-08-21 12:40:58,36776.0,UPI,bank_UPI,,N/A,5411,B2B wholesale,True,True,True,0.02,0.0,0.0,above_20L,R12_mcc_misclassification
TXN_000483,2026-08-17 04:00:04,26937.85,Card,Visa_credit,607222,corporate,5045,B2B wholesale,True,True,True,0.02,538.76,96.98,above_20L,clean
TXN_000484,2026-08-27 18:04:21,2982.82,UPI,bank_UPI,,N/A,5045,B2B wholesale,True,True,False,0.02,0.0,0.0,above_20L,clean
TXN_000485,2026-08-20 07:23:48,2744.23,UPI,bank_UPI,,N/A,5045,B2B wholesale,True,True,False,0.02,0.0,0.0,above_20L,clean
TXN_000486,2026-08-21 15:09:13,40452.25,UPI,PPI_wallet_UPI,,N/A,5045,B2B wholesale,True,True,True,0.02,444.97,80.09,above_20L,clean
TXN_000487,2026-08-16 17:17:48,2118.93,UPI,PPI_wallet_UPI,,N/A,5045,B2B wholesale,True,True,False,0.02,23.31,4.2,above_20L,clean
TXN_000488,2026-08-23 06:20:04,2778.2,UPI,bank_UPI,,N/A,5045,B2B wholesale,True,True,False,0.02,0.0,0.0,above_20L,clean
TXN_000489,2026-08-22 20:55:50,55255.38,Card,Debit_non_rupay,,N/A,5045,B2B wholesale,True,True,True,0.02,497.3,89.51,above_20L,clean
TXN_000490,2026-08-21 05:45:51,36524.88,Card,Visa_credit,411111,basic,5045,B2B wholesale,True,True,True,0.02,730.5,131.49,above_20L,clean
TXN_000491,2026-08-16 06:19:29,2277.08,UPI,bank_UPI,,N/A,5045,B2B wholesale,True,True,False,0.02,0.0,0.0,above_20L,clean
TXN_000492,2026-08-18 18:01:31,10491.53,UPI,PPI_wallet_UPI,,N/A,5045,B2B wholesale,True,True,True,0.02,115.41,20.77,above_20L,clean
TXN_000493,2026-08-18 08:19:02,52637.88,Card,Visa_credit,533333,corporate,5045,B2B wholesale,True,True,True,0.02,1052.76,189.5,above_20L,clean
TXN_000494,2026-08-22 02:35:44,2734.43,UPI,PPI_wallet_UPI,,N/A,5045,B2B wholesale,True,True,False,0.02,30.08,5.41,above_20L,clean
TXN_000495,2026-08-21 09:28:39,2973.36,UPI,bank_UPI,,N/A,5045,B2B wholesale,True,True,False,0.02,0.0,0.0,above_20L,clean
TXN_000496,2026-08-18 23:08:28,57268.28,UPI,RuPay_credit_UPI,433333,corporate,5045,B2B wholesale,True,True,True,0.02,859.02,154.62,above_20L,clean
TXN_000497,2026-08-23 16:24:09,2062.97,UPI,bank_UPI,,N/A,5045,B2B wholesale,True,True,False,0.02,0.0,0.0,above_20L,clean
TXN_000498,2026-08-29 07:42:06,2413.97,UPI,bank_UPI,,N/A,5045,B2B wholesale,True,True,False,0.02,0.0,0.0,above_20L,clean
TXN_000499,2026-08-28 03:55:47,8019.4,UPI,bank_UPI,,N/A,5045,B2B wholesale,True,True,False,0.02,0.0,0.0,above_20L,clean
TXN_000500,2026-08-17 11:47:20,2506.34,UPI,RuPay_credit_UPI,422222,premium_rewards,5045,B2B wholesale,True,True,False,0.02,37.6,6.77,above_20L,clean
